Interest Area,Skills,10th %,12th %,UG %,Career Path
Tech,"Java, JavaScript, Python",87,78,95,Software Developer
Tech,"C++, Python",80,92,71,Software Developer
Tech,"C++, Python, JavaScript",79,91,83,Software Developer
Tech,"JavaScript, C++, Java",89,81,79,Software Developer
Tech,"Python, C++",88,91,84,Software Developer
Tech,"C++, Python, JavaScript",77,95,71,Software Developer
Tech,Python,92,90,90,Software Developer
Tech,"JavaScript, C++",71,87,79,Software Developer
Tech,"C++, Java, JavaScript",72,92,89,Software Developer
Tech,"Python, C++",78,90,70,Software Developer
Tech,"C++, Python, Java",78,79,82,Software Developer
Tech,"JavaScript, C++, Python",72,93,76,Software Developer
Tech,"Python, Java, JavaScript",90,72,88,Software Developer
Tech,Python,95,72,72,Software Developer
Tech,"Python, C++",73,72,79,Software Developer
Tech,"C++, Python",84,94,92,Software Developer
Tech,JavaScript,90,70,88,Software Developer
Tech,"JavaScript, Java",74,82,93,Software Developer
Tech,"JavaScript, C++",72,85,82,Software Developer
Tech,"C++, Java, Python",77,94,79,Software Developer
Tech,Python,88,73,71,Software Developer
Tech,Java,90,72,86,Software Developer
Tech,"Python, C++, Java",79,88,92,Software Developer
Tech,"JavaScript, C++",73,79,88,Software Developer
Tech,"JavaScript, C++, Python",87,72,75,Software Developer
Tech,"Python, C++",71,74,81,Software Developer
Tech,"JavaScript, Java",76,78,72,Software Developer
Tech,"C++, Java",89,86,93,Software Developer
Tech,"Python, JavaScript",71,91,70,Software Developer
Tech,JavaScript,80,76,93,Software Developer
Tech,"Python, JavaScript, Java",94,84,86,Software Developer
Tech,"JavaScript, Python",71,83,75,Software Developer
Tech,"Python, JavaScript, Java",84,84,93,Software Developer
Tech,"C++, JavaScript",93,83,83,Software Developer
Tech,"Java, C++, JavaScript",73,72,89,Software Developer
Tech,Java,74,89,81,Software Developer
Tech,"Python, Java, C++",82,84,77,Software Developer
Tech,"C++, Java",90,88,90,Software Developer
Tech,"Java, JavaScript, Python",70,73,77,Software Developer
Tech,"JavaScript, Python, Java",72,92,73,Software Developer
Tech,JavaScript,89,75,74,Software Developer
Tech,"C++, Python",73,75,86,Software Developer
Tech,"Python, C++, JavaScript",72,77,85,Software Developer
Tech,"Python, C++, Java",87,76,73,Software Developer
Tech,JavaScript,92,90,94,Software Developer
Tech,"C++, Python",88,92,90,Software Developer
Tech,"Python, C++",72,71,78,Software Developer
Tech,"JavaScript, Java",94,83,88,Software Developer
Tech,"JavaScript, C++, Python",85,70,92,Software Developer
Tech,JavaScript,94,78,93,Software Developer
Tech,"Python, Java",80,73,83,Software Developer
Tech,"C++, JavaScript, Java",72,86,84,Software Developer
Tech,"Java, Python",81,94,93,Software Developer
Tech,"Python, C++, Java",95,74,77,Software Developer
Tech,"JavaScript, Java",79,86,85,Software Developer
Tech,"Python, JavaScript",80,82,79,Software Developer
Tech,"C++, JavaScript, Python",84,90,94,Software Developer
Tech,"Python, JavaScript",90,93,71,Software Developer
Tech,JavaScript,76,79,91,Software Developer
Tech,"C++, JavaScript, Java",89,70,88,Software Developer
Tech,"Python, Java, C++",94,94,92,Software Developer
Tech,"JavaScript, Python",87,79,79,Software Developer
Tech,C++,76,88,83,Software Developer
Tech,"C++, JavaScript",81,78,75,Software Developer
Tech,"C++, Java",81,92,84,Software Developer
Tech,Python,82,77,78,Software Developer
Tech,"Python, C++",84,94,75,Software Developer
Tech,Python,81,95,74,Software Developer
Tech,"Java, Python, C++",86,74,91,Software Developer
Tech,"C++, JavaScript, Python",93,71,82,Software Developer
Tech,Java,71,73,71,Software Developer
Tech,"JavaScript, Python, Java",75,73,77,Software Developer
Tech,"C++, JavaScript, Java",70,89,89,Software Developer
Tech,"JavaScript, Java, C++",90,75,82,Software Developer
Tech,"JavaScript, Java",92,79,80,Software Developer
Tech,Python,84,76,71,Software Developer
Tech,"Python, C++",91,86,81,Software Developer
Tech,"Python, C++, JavaScript",90,89,74,Software Developer
Tech,"Python, JavaScript",81,87,93,Software Developer
Tech,"JavaScript, C++",87,72,88,Software Developer
Tech,"Java, C++, JavaScript",95,93,87,Software Developer
Tech,Java,74,89,89,Software Developer
Tech,"Python, JavaScript, C++",79,88,87,Software Developer
Tech,"JavaScript, Python, Java",94,95,76,Software Developer
Tech,"Java, JavaScript, C++",71,94,86,Software Developer
Tech,"Python, JavaScript, C++",78,76,79,Software Developer
Tech,"JavaScript, C++, Python",76,81,86,Software Developer
Tech,"JavaScript, Python, Java",80,86,85,Software Developer
Tech,"C++, JavaScript, Python",83,86,91,Software Developer
Tech,JavaScript,79,83,73,Software Developer
Tech,JavaScript,82,92,72,Software Developer
Tech,"Python, Java",76,83,88,Software Developer
Tech,"Python, C++, Java",81,72,95,Software Developer
Tech,C++,87,87,86,Software Developer
Tech,"Java, Python",86,85,77,Software Developer
Tech,Java,82,91,93,Software Developer
Tech,"Java, C++, Python",73,75,77,Software Developer
Tech,"Python, C++",75,83,74,Software Developer
Tech,"Python, C++, Java",92,82,72,Software Developer
Tech,JavaScript,77,88,94,Software Developer
Tech,"Java, C++",70,73,79,Software Developer
Tech,"C++, Python, Java",86,79,78,Software Developer
Tech,Java,79,71,95,Software Developer
Tech,"Java, Python, C++",89,93,92,Software Developer
Tech,C++,82,74,90,Software Developer
Tech,"Python, C++, Java",81,78,80,Software Developer
Tech,"Python, C++",74,87,70,Software Developer
Tech,"Python, JavaScript, Java",82,87,81,Software Developer
Tech,"Python, Java",90,90,91,Software Developer
Tech,"C++, JavaScript",75,91,93,Software Developer
Tech,"Python, JavaScript",79,93,87,Software Developer
Tech,"Python, JavaScript",95,87,85,Software Developer
Tech,Java,79,71,85,Software Developer
Tech,"Python, Java, C++",87,84,89,Software Developer
Tech,"Python, Java, C++",95,71,95,Software Developer
Tech,Python,72,93,84,Software Developer
Tech,"Python, JavaScript, Java",91,71,76,Software Developer
Tech,"JavaScript, Java, C++",86,84,80,Software Developer
Tech,"JavaScript, C++",91,73,78,Software Developer
Tech,"Python, Java",89,95,70,Software Developer
Tech,"C++, JavaScript, Java",81,73,75,Software Developer
Tech,"C++, Python",80,89,84,Software Developer
Tech,"Python, Java",94,74,70,Software Developer
Tech,"JavaScript, C++, Python",75,71,70,Software Developer
Tech,Python,91,87,72,Software Developer
Tech,C++,85,74,84,Software Developer
Tech,JavaScript,79,83,72,Software Developer
Tech,C++,90,79,71,Software Developer
Tech,"JavaScript, Java, Python",90,91,76,Software Developer
Tech,"Java, Python, C++",83,93,79,Software Developer
Tech,"Python, Java, JavaScript",71,90,90,Software Developer
Tech,Python,72,95,94,Software Developer
Tech,C++,80,86,92,Software Developer
Tech,"C++, Java",72,79,80,Software Developer
Tech,"JavaScript, Java",81,95,76,Software Developer
Tech,"Python, Java",87,85,80,Software Developer
Tech,Java,74,72,76,Software Developer
Tech,"C++, Python, Java",78,78,86,Software Developer
Tech,Python,95,82,88,Software Developer
Tech,"JavaScript, Java, C++",84,70,91,Software Developer
Tech,C++,70,84,73,Software Developer
Tech,JavaScript,82,77,91,Software Developer
Tech,"Python, Java, C++",93,90,90,Software Developer
Tech,"JavaScript, Java",84,80,72,Software Developer
Tech,"JavaScript, C++, Python",71,70,70,Software Developer
Tech,"JavaScript, Python, C++",94,86,70,Software Developer
Tech,"Python, JavaScript",77,79,76,Software Developer
Tech,"Java, C++, Python",77,78,71,Software Developer
Tech,"Java, Python",74,83,94,Software Developer
Tech,"JavaScript, Java, C++",86,79,74,Software Developer
Tech,"Python, C++",89,76,79,Software Developer
Tech,"Java, C++",87,83,75,Software Developer
Tech,"JavaScript, Java, Python",87,76,70,Software Developer
Tech,"Java, C++, JavaScript",93,88,71,Software Developer
Tech,"Java, C++",78,73,71,Software Developer
Tech,"JavaScript, C++",71,83,92,Software Developer
Tech,Python,90,89,83,Software Developer
Tech,"C++, JavaScript",94,88,90,Software Developer
Tech,Java,83,82,70,Software Developer
Tech,"Java, Python, C++",83,89,79,Software Developer
Tech,JavaScript,77,93,75,Software Developer
Tech,C++,85,93,71,Software Developer
Tech,"Python, JavaScript, Java",93,85,94,Software Developer
Tech,Python,91,82,83,Software Developer
Tech,"Python, Java, JavaScript",92,82,70,Software Developer
Tech,Python,73,87,92,Software Developer
Tech,C++,90,93,76,Software Developer
Tech,"C++, Java, JavaScript",77,91,84,Software Developer
Tech,"JavaScript, C++, Java",85,91,73,Software Developer
Tech,"Python, JavaScript",77,79,90,Software Developer
Tech,"C++, JavaScript, Java",93,71,76,Software Developer
Tech,Python,70,90,95,Software Developer
Tech,Java,88,73,94,Software Developer
Tech,"Java, C++",84,71,90,Software Developer
Tech,JavaScript,73,90,81,Software Developer
Tech,"C++, Python, Java",88,82,74,Software Developer
Tech,"C++, Python",85,79,80,Software Developer
Tech,"C++, Java, Python",80,93,87,Software Developer
Tech,JavaScript,82,83,79,Software Developer
Tech,Java,70,71,92,Software Developer
Tech,JavaScript,84,81,72,Software Developer
Tech,"Python, C++",90,77,75,Software Developer
Tech,C++,78,84,73,Software Developer
Tech,C++,73,94,85,Software Developer
Tech,Python,71,75,79,Software Developer
Tech,"JavaScript, Python, C++",83,79,73,Software Developer
Tech,C++,86,78,94,Software Developer
Tech,C++,92,70,74,Software Developer
Tech,C++,76,73,76,Software Developer
Tech,"C++, JavaScript",81,79,81,Software Developer
Tech,Java,90,72,90,Software Developer
Tech,"JavaScript, Python",78,90,73,Software Developer
Tech,JavaScript,72,89,85,Software Developer
Tech,"JavaScript, Python, Java",77,91,85,Software Developer
Tech,"Python, JavaScript",82,85,89,Software Developer
Tech,"JavaScript, Java",93,94,81,Software Developer
Tech,"Java, JavaScript, Python",70,72,88,Software Developer
Tech,"Java, Python",78,71,75,Software Developer
Tech,"C++, JavaScript, Python",83,95,89,Software Developer
Tech,C++,73,76,80,Software Developer
Design,"Canva, Photoshop, Figma",70,94,85,Graphic Designer
Design,"Figma, Canva",90,70,92,Graphic Designer
Design,"Figma, Photoshop, Canva",93,71,86,Graphic Designer
Design,"Figma, Canva, Photoshop",84,83,91,Graphic Designer
Design,"Canva, Photoshop, Figma",73,80,92,Graphic Designer
Design,"Figma, Photoshop, Canva",82,94,84,Graphic Designer
Design,"Canva, Photoshop",87,83,87,Graphic Designer
Design,"Figma, Canva",81,81,78,Graphic Designer
Design,"Figma, Photoshop, Canva",91,92,72,Graphic Designer
Design,"Canva, Figma, Photoshop",78,85,89,Graphic Designer
Design,"Canva, Photoshop",84,92,91,Graphic Designer
Design,Photoshop,72,75,86,Graphic Designer
Design,"Photoshop, Canva",71,93,79,Graphic Designer
Design,Figma,84,82,74,Graphic Designer
Design,Canva,79,72,91,Graphic Designer
Design,"Canva, Figma, Photoshop",87,71,79,Graphic Designer
Design,"Figma, Photoshop, Canva",90,93,80,Graphic Designer
Design,Figma,81,87,72,Graphic Designer
Design,Canva,88,90,78,Graphic Designer
Design,"Figma, Canva, Photoshop",86,77,72,Graphic Designer
Design,"Photoshop, Canva",90,86,93,Graphic Designer
Design,"Photoshop, Figma",77,90,82,Graphic Designer
Design,"Canva, Figma, Photoshop",78,81,71,Graphic Designer
Design,"Figma, Photoshop",94,73,81,Graphic Designer
Design,"Figma, Canva",81,74,78,Graphic Designer
Design,"Figma, Canva, Photoshop",90,79,84,Graphic Designer
Design,"Canva, Figma",93,82,75,Graphic Designer
Design,Canva,86,75,93,Graphic Designer
Design,"Photoshop, Figma, Canva",90,89,75,Graphic Designer
Design,"Canva, Photoshop",79,79,91,Graphic Designer
Design,"Figma, Photoshop, Canva",72,78,87,Graphic Designer
Design,Figma,95,71,92,Graphic Designer
Design,"Figma, Photoshop",73,72,73,Graphic Designer
Design,Figma,93,87,78,Graphic Designer
Design,"Figma, Photoshop",80,70,77,Graphic Designer
Design,"Figma, Photoshop, Canva",73,80,86,Graphic Designer
Design,Canva,89,78,71,Graphic Designer
Design,"Photoshop, Figma",89,80,91,Graphic Designer
Design,"Photoshop, Canva",89,94,89,Graphic Designer
Design,"Canva, Figma",77,75,75,Graphic Designer
Design,"Photoshop, Canva",74,83,82,Graphic Designer
Design,Canva,74,77,70,Graphic Designer
Design,"Canva, Figma, Photoshop",88,82,92,Graphic Designer
Design,"Canva, Figma, Photoshop",73,73,84,Graphic Designer
Design,"Figma, Canva, Photoshop",83,84,77,Graphic Designer
Design,"Canva, Figma",80,91,95,Graphic Designer
Design,"Photoshop, Figma, Canva",91,71,72,Graphic Designer
Design,"Photoshop, Canva",86,74,80,Graphic Designer
Design,"Figma, Photoshop, Canva",88,84,93,Graphic Designer
Design,Canva,92,80,73,Graphic Designer
Design,"Canva, Figma",87,89,82,Graphic Designer
Design,Figma,87,76,95,Graphic Designer
Design,"Photoshop, Canva, Figma",87,95,74,Graphic Designer
Design,"Figma, Canva, Photoshop",76,82,70,Graphic Designer
Design,"Photoshop, Figma",95,70,90,Graphic Designer
Design,"Photoshop, Figma",81,90,71,Graphic Designer
Design,"Photoshop, Figma",95,89,82,Graphic Designer
Design,Figma,73,81,89,Graphic Designer
Design,"Canva, Photoshop",90,91,91,Graphic Designer
Design,Canva,70,74,92,Graphic Designer
Design,"Canva, Photoshop",86,84,82,Graphic Designer
Design,"Canva, Figma",75,81,89,Graphic Designer
Design,Photoshop,74,93,79,Graphic Designer
Design,"Photoshop, Canva, Figma",73,82,90,Graphic Designer
Design,Canva,86,85,81,Graphic Designer
Design,"Canva, Photoshop",76,79,90,Graphic Designer
Design,Photoshop,84,95,75,Graphic Designer
Design,"Photoshop, Figma, Canva",95,81,92,Graphic Designer
Design,"Photoshop, Canva",81,93,81,Graphic Designer
Design,"Photoshop, Figma, Canva",84,94,81,Graphic Designer
Design,"Photoshop, Canva, Figma",91,70,93,Graphic Designer
Design,Canva,81,85,74,Graphic Designer
Design,Canva,76,91,81,Graphic Designer
Design,Photoshop,79,77,89,Graphic Designer
Design,"Photoshop, Figma, Canva",75,88,77,Graphic Designer
Design,"Figma, Canva",74,82,80,Graphic Designer
Design,Figma,70,76,83,Graphic Designer
Design,Canva,71,81,70,Graphic Designer
Design,Figma,74,76,77,Graphic Designer
Design,"Canva, Figma, Photoshop",92,92,78,Graphic Designer
Design,Canva,71,84,71,Graphic Designer
Design,"Figma, Canva, Photoshop",93,80,84,Graphic Designer
Design,"Canva, Figma",83,93,73,Graphic Designer
Design,Figma,79,95,92,Graphic Designer
Design,"Photoshop, Canva",94,70,93,Graphic Designer
Design,"Photoshop, Canva",80,71,81,Graphic Designer
Design,Photoshop,71,94,76,Graphic Designer
Design,"Figma, Photoshop",90,75,80,Graphic Designer
Design,Figma,75,91,79,Graphic Designer
Design,"Figma, Canva, Photoshop",72,78,80,Graphic Designer
Design,"Canva, Figma",79,77,89,Graphic Designer
Design,"Figma, Canva",88,92,76,Graphic Designer
Design,"Canva, Figma, Photoshop",74,84,94,Graphic Designer
Design,"Photoshop, Canva, Figma",88,78,95,Graphic Designer
Design,"Canva, Photoshop, Figma",70,82,72,Graphic Designer
Design,"Figma, Canva, Photoshop",74,78,74,Graphic Designer
Design,Figma,90,94,91,Graphic Designer
Design,"Figma, Photoshop",95,88,94,Graphic Designer
Design,Canva,95,85,74,Graphic Designer
Design,Photoshop,84,82,90,Graphic Designer
Design,"Figma, Photoshop",75,70,84,Graphic Designer
Design,"Photoshop, Canva",85,90,87,Graphic Designer
Design,Canva,72,73,77,Graphic Designer
Design,Canva,71,84,91,Graphic Designer
Design,"Photoshop, Figma",89,74,82,Graphic Designer
Design,"Figma, Photoshop, Canva",76,91,88,Graphic Designer
Design,"Canva, Photoshop",85,87,93,Graphic Designer
Design,Figma,77,94,78,Graphic Designer
Design,Figma,88,95,76,Graphic Designer
Design,"Canva, Photoshop, Figma",80,71,74,Graphic Designer
Design,Figma,75,91,73,Graphic Designer
Design,"Canva, Figma, Photoshop",73,79,81,Graphic Designer
Design,"Figma, Canva",92,91,92,Graphic Designer
Design,"Photoshop, Canva, Figma",83,77,73,Graphic Designer
Design,"Canva, Photoshop",75,92,72,Graphic Designer
Design,"Canva, Photoshop, Figma",86,86,85,Graphic Designer
Design,"Canva, Photoshop, Figma",83,71,72,Graphic Designer
Design,Canva,90,82,87,Graphic Designer
Design,"Figma, Photoshop",93,90,81,Graphic Designer
Design,"Canva, Figma, Photoshop",88,78,88,Graphic Designer
Design,"Photoshop, Figma, Canva",79,73,93,Graphic Designer
Design,"Figma, Photoshop, Canva",91,71,79,Graphic Designer
Design,"Canva, Photoshop, Figma",76,84,82,Graphic Designer
Design,Figma,75,71,93,Graphic Designer
Design,"Canva, Figma, Photoshop",79,75,82,Graphic Designer
Design,"Figma, Photoshop",73,90,80,Graphic Designer
Design,"Figma, Photoshop, Canva",76,80,78,Graphic Designer
Design,"Figma, Canva, Photoshop",85,87,70,Graphic Designer
Design,"Photoshop, Figma, Canva",89,90,91,Graphic Designer
Design,"Figma, Canva, Photoshop",73,89,76,Graphic Designer
Design,"Canva, Photoshop, Figma",87,75,72,Graphic Designer
Design,"Figma, Photoshop, Canva",70,88,72,Graphic Designer
Design,"Canva, Figma",90,94,85,Graphic Designer
Design,Photoshop,75,92,93,Graphic Designer
Design,"Figma, Canva, Photoshop",83,71,81,Graphic Designer
Design,Photoshop,90,80,72,Graphic Designer
Design,"Canva, Figma, Photoshop",81,95,74,Graphic Designer
Design,Figma,88,95,88,Graphic Designer
Design,"Canva, Figma, Photoshop",82,83,87,Graphic Designer
Design,Figma,83,89,94,Graphic Designer
Design,"Photoshop, Figma, Canva",83,86,87,Graphic Designer
Design,"Canva, Figma, Photoshop",94,87,72,Graphic Designer
Design,Canva,72,83,85,Graphic Designer
Design,Canva,76,80,94,Graphic Designer
Design,"Canva, Photoshop, Figma",72,74,77,Graphic Designer
Design,"Photoshop, Figma, Canva",81,95,84,Graphic Designer
Design,"Figma, Photoshop",71,90,93,Graphic Designer
Design,"Canva, Figma, Photoshop",93,74,92,Graphic Designer
Design,"Canva, Figma, Photoshop",94,87,91,Graphic Designer
Design,"Canva, Figma",72,73,79,Graphic Designer
Design,Canva,72,73,79,Graphic Designer
Design,"Canva, Photoshop, Figma",78,81,87,Graphic Designer
Design,Figma,73,72,80,Graphic Designer
Design,"Canva, Figma",79,92,85,Graphic Designer
Design,Figma,87,83,84,Graphic Designer
Design,"Canva, Photoshop",79,90,75,Graphic Designer
Design,"Photoshop, Canva, Figma",87,80,86,Graphic Designer
Design,"Canva, Figma",91,94,85,Graphic Designer
Design,"Canva, Figma",87,88,77,Graphic Designer
Design,"Canva, Figma",91,88,82,Graphic Designer
Design,"Figma, Photoshop, Canva",93,77,73,Graphic Designer
Design,"Canva, Figma, Photoshop",92,73,83,Graphic Designer
Design,"Canva, Photoshop, Figma",88,81,93,Graphic Designer
Design,Photoshop,92,87,84,Graphic Designer
Design,"Canva, Figma, Photoshop",83,87,80,Graphic Designer
Design,"Canva, Figma",92,86,85,Graphic Designer
Design,"Canva, Figma, Photoshop",87,82,76,Graphic Designer
Design,"Photoshop, Canva, Figma",71,83,89,Graphic Designer
Design,"Figma, Canva",90,78,78,Graphic Designer
Design,"Figma, Canva, Photoshop",79,95,94,Graphic Designer
Design,"Canva, Photoshop, Figma",86,77,78,Graphic Designer
Design,"Canva, Figma",95,89,86,Graphic Designer
Design,"Canva, Photoshop, Figma",89,70,90,Graphic Designer
Design,"Figma, Canva, Photoshop",85,95,77,Graphic Designer
Design,"Photoshop, Canva",78,84,94,Graphic Designer
Design,Photoshop,91,89,75,Graphic Designer
Design,"Photoshop, Figma, Canva",89,81,72,Graphic Designer
Design,"Figma, Photoshop, Canva",89,81,85,Graphic Designer
Design,"Photoshop, Canva",76,75,85,Graphic Designer
Design,"Figma, Canva, Photoshop",93,92,82,Graphic Designer
Design,"Figma, Photoshop, Canva",90,88,82,Graphic Designer
Design,"Photoshop, Figma, Canva",89,95,87,Graphic Designer
Design,"Photoshop, Figma",74,81,87,Graphic Designer
Design,"Figma, Photoshop",78,72,91,Graphic Designer
Design,Figma,84,94,89,Graphic Designer
Design,"Photoshop, Canva, Figma",80,70,82,Graphic Designer
Design,"Canva, Photoshop, Figma",79,84,77,Graphic Designer
Design,"Photoshop, Figma, Canva",71,89,81,Graphic Designer
Design,"Photoshop, Figma",70,77,91,Graphic Designer
Design,"Photoshop, Figma, Canva",81,95,75,Graphic Designer
Design,"Canva, Photoshop, Figma",79,95,84,Graphic Designer
Design,"Photoshop, Canva, Figma",85,89,88,Graphic Designer
Design,Canva,71,75,84,Graphic Designer
Design,Photoshop,72,79,91,Graphic Designer
Design,"Photoshop, Figma, Canva",93,77,91,Graphic Designer
Design,"Photoshop, Figma",76,74,80,Graphic Designer
Design,"Figma, Canva",92,79,78,Graphic Designer
Design,"Photoshop, Canva",84,92,87,Graphic Designer
Design,"Figma, Canva",95,74,95,Graphic Designer
Design,Photoshop,84,83,72,Graphic Designer
Management,Planning,93,71,74,Project Manager
Management,"Excel, Leadership, Planning",79,92,77,Project Manager
Management,"Planning, Leadership, Excel",94,74,91,Project Manager
Management,"Planning, Leadership",82,82,94,Project Manager
Management,"Planning, Excel",84,75,79,Project Manager
Management,"Planning, Leadership, Excel",95,84,78,Project Manager
Management,"Leadership, Planning",73,89,75,Project Manager
Management,Excel,85,90,93,Project Manager
Management,"Leadership, Planning, Excel",95,72,76,Project Manager
Management,Planning,82,81,70,Project Manager
Management,"Leadership, Excel",87,71,92,Project Manager
Management,"Leadership, Planning",89,80,71,Project Manager
Management,"Excel, Leadership",86,72,81,Project Manager
Management,"Leadership, Planning",73,74,72,Project Manager
Management,Leadership,86,95,83,Project Manager
Management,"Excel, Planning",74,84,81,Project Manager
Management,"Planning, Leadership",88,81,80,Project Manager
Management,"Excel, Planning, Leadership",70,80,87,Project Manager
Management,"Leadership, Planning, Excel",77,88,88,Project Manager
Management,"Planning, Excel",73,80,94,Project Manager
Management,"Leadership, Excel",71,71,88,Project Manager
Management,"Leadership, Excel, Planning",81,87,73,Project Manager
Management,"Planning, Leadership",78,82,93,Project Manager
Management,"Planning, Leadership, Excel",80,70,91,Project Manager
Management,"Planning, Leadership",89,77,76,Project Manager
Management,"Planning, Leadership, Excel",93,94,79,Project Manager
Management,"Leadership, Excel",84,74,83,Project Manager
Management,Planning,81,80,75,Project Manager
Management,"Leadership, Planning, Excel",84,92,91,Project Manager
Management,Leadership,77,95,84,Project Manager
Management,Leadership,71,82,91,Project Manager
Management,"Leadership, Planning",83,72,80,Project Manager
Management,"Excel, Leadership, Planning",90,95,85,Project Manager
Management,"Excel, Planning",94,79,89,Project Manager
Management,"Planning, Excel",91,74,73,Project Manager
Management,Excel,76,85,74,Project Manager
Management,Excel,86,92,84,Project Manager
Management,Leadership,76,71,83,Project Manager
Management,Leadership,86,76,92,Project Manager
Management,Leadership,93,74,83,Project Manager
Management,"Planning, Excel",84,90,78,Project Manager
Management,"Excel, Planning, Leadership",90,70,82,Project Manager
Management,Excel,70,84,90,Project Manager
Management,"Planning, Excel",91,76,85,Project Manager
Management,Excel,84,84,83,Project Manager
Management,Leadership,90,79,73,Project Manager
Management,"Leadership, Excel",86,74,80,Project Manager
Management,"Excel, Planning, Leadership",79,71,91,Project Manager
Management,"Excel, Planning",88,85,81,Project Manager
Management,"Excel, Leadership, Planning",79,83,77,Project Manager
Management,"Planning, Excel, Leadership",83,73,73,Project Manager
Management,Leadership,77,87,81,Project Manager
Management,"Excel, Planning, Leadership",81,83,81,Project Manager
Management,"Leadership, Excel",80,86,71,Project Manager
Management,"Leadership, Excel, Planning",89,79,72,Project Manager
Management,"Planning, Excel, Leadership",74,87,94,Project Manager
Management,Leadership,94,92,71,Project Manager
Management,"Planning, Excel, Leadership",80,77,78,Project Manager
Management,Leadership,71,92,85,Project Manager
Management,"Planning, Leadership",95,76,70,Project Manager
Management,"Planning, Excel",73,74,93,Project Manager
Management,"Planning, Leadership, Excel",88,72,91,Project Manager
Management,"Excel, Leadership",85,86,84,Project Manager
Management,Excel,73,93,76,Project Manager
Management,"Excel, Planning",75,79,83,Project Manager
Management,"Planning, Excel",83,78,76,Project Manager
Management,Planning,77,89,70,Project Manager
Management,"Leadership, Planning",90,83,79,Project Manager
Management,"Leadership, Planning, Excel",75,95,81,Project Manager
Management,"Planning, Excel",90,88,89,Project Manager
Management,"Leadership, Planning, Excel",76,91,95,Project Manager
Management,"Leadership, Planning",93,75,88,Project Manager
Management,"Excel, Leadership",74,86,93,Project Manager
Management,"Excel, Leadership",73,70,70,Project Manager
Management,"Planning, Excel",78,70,81,Project Manager
Management,Excel,82,85,90,Project Manager
Management,Planning,91,70,77,Project Manager
Management,Excel,79,73,81,Project Manager
Management,"Leadership, Excel, Planning",85,91,95,Project Manager
Management,"Leadership, Excel, Planning",71,86,93,Project Manager
Management,"Planning, Leadership, Excel",70,72,95,Project Manager
Management,"Excel, Leadership, Planning",79,83,94,Project Manager
Management,Leadership,89,79,77,Project Manager
Management,"Planning, Excel",83,75,82,Project Manager
Management,"Excel, Planning",74,85,70,Project Manager
Management,"Leadership, Planning",84,91,83,Project Manager
Management,"Planning, Leadership",86,90,74,Project Manager
Management,"Leadership, Planning",78,85,86,Project Manager
Management,Excel,73,83,92,Project Manager
Management,"Excel, Planning",72,88,78,Project Manager
Management,"Excel, Leadership, Planning",88,85,81,Project Manager
Management,Excel,88,95,77,Project Manager
Management,"Excel, Leadership, Planning",79,95,90,Project Manager
Management,Leadership,81,89,77,Project Manager
Management,Planning,71,86,93,Project Manager
Management,"Excel, Planning, Leadership",79,88,89,Project Manager
Management,Excel,82,70,78,Project Manager
Management,Planning,85,73,94,Project Manager
Management,"Leadership, Excel",84,71,93,Project Manager
Management,"Planning, Excel",82,92,72,Project Manager
Management,"Excel, Planning",87,95,80,Project Manager
Management,"Leadership, Excel",77,93,84,Project Manager
Management,"Leadership, Planning, Excel",95,79,75,Project Manager
Management,"Excel, Leadership",74,70,79,Project Manager
Management,"Excel, Leadership, Planning",81,95,76,Project Manager
Management,"Excel, Leadership",78,80,79,Project Manager
Management,"Leadership, Excel",85,71,91,Project Manager
Management,"Excel, Leadership, Planning",76,79,72,Project Manager
Management,Leadership,86,90,72,Project Manager
Management,"Excel, Leadership",94,89,76,Project Manager
Management,Excel,84,91,73,Project Manager
Management,"Leadership, Excel",83,83,88,Project Manager
Management,"Leadership, Planning",91,72,74,Project Manager
Management,Excel,91,85,79,Project Manager
Management,Planning,81,84,95,Project Manager
Management,"Planning, Excel",88,94,90,Project Manager
Management,"Excel, Leadership",73,94,74,Project Manager
Management,"Leadership, Planning, Excel",90,83,75,Project Manager
Management,"Planning, Excel",78,88,78,Project Manager
Management,Planning,82,87,71,Project Manager
Management,"Leadership, Excel, Planning",76,76,83,Project Manager
Management,"Planning, Leadership",73,78,72,Project Manager
Management,Planning,86,94,72,Project Manager
Management,"Leadership, Excel, Planning",93,73,94,Project Manager
Management,"Planning, Excel, Leadership",83,80,76,Project Manager
Management,"Leadership, Planning",87,87,70,Project Manager
Management,"Leadership, Planning, Excel",88,93,83,Project Manager
Management,"Leadership, Excel",94,91,84,Project Manager
Management,"Leadership, Excel, Planning",72,72,94,Project Manager
Management,Leadership,90,79,70,Project Manager
Management,"Excel, Leadership",82,86,77,Project Manager
Management,"Leadership, Excel, Planning",95,78,78,Project Manager
Management,Excel,74,89,89,Project Manager
Management,Leadership,89,72,87,Project Manager
Management,"Excel, Planning",88,84,91,Project Manager
Management,Excel,91,84,84,Project Manager
Management,"Excel, Leadership",85,93,76,Project Manager
Management,Excel,86,82,78,Project Manager
Management,Leadership,72,95,86,Project Manager
Management,Excel,94,87,71,Project Manager
Management,Planning,78,76,94,Project Manager
Management,"Planning, Excel",92,92,88,Project Manager
Management,"Planning, Leadership, Excel",93,79,73,Project Manager
Management,Excel,86,84,74,Project Manager
Management,"Excel, Leadership, Planning",78,93,92,Project Manager
Management,"Leadership, Excel, Planning",82,70,73,Project Manager
Management,"Leadership, Planning, Excel",76,87,92,Project Manager
Management,"Leadership, Excel, Planning",78,86,81,Project Manager
Management,Planning,75,85,85,Project Manager
Management,Planning,88,74,86,Project Manager
Management,Leadership,79,94,93,Project Manager
Management,"Excel, Leadership, Planning",82,89,85,Project Manager
Management,"Excel, Leadership",76,87,91,Project Manager
Management,"Excel, Planning",81,94,76,Project Manager
Management,"Leadership, Excel",89,82,81,Project Manager
Management,"Excel, Leadership, Planning",92,81,93,Project Manager
Management,"Leadership, Excel",73,92,87,Project Manager
Management,"Leadership, Planning",89,77,83,Project Manager
Management,"Leadership, Planning, Excel",84,87,81,Project Manager
Management,Excel,77,85,80,Project Manager
Management,"Leadership, Planning",91,77,83,Project Manager
Management,"Planning, Leadership, Excel",73,81,85,Project Manager
Management,"Leadership, Excel, Planning",81,94,88,Project Manager
Management,"Planning, Excel",71,72,81,Project Manager
Management,Planning,83,70,77,Project Manager
Management,"Excel, Planning, Leadership",89,72,70,Project Manager
Management,Leadership,74,90,92,Project Manager
Management,"Planning, Leadership",74,72,74,Project Manager
Management,Leadership,93,76,70,Project Manager
Management,"Leadership, Planning",70,87,94,Project Manager
Management,"Planning, Leadership, Excel",95,74,74,Project Manager
Management,"Planning, Leadership",73,72,86,Project Manager
Management,"Planning, Excel",76,76,89,Project Manager
Management,Leadership,81,70,89,Project Manager
Management,"Excel, Planning, Leadership",93,94,82,Project Manager
Management,Excel,74,74,72,Project Manager
Management,"Planning, Leadership, Excel",83,78,83,Project Manager
Management,Leadership,80,87,89,Project Manager
Management,"Excel, Leadership",93,83,83,Project Manager
Management,"Planning, Excel",74,82,79,Project Manager
Management,"Planning, Leadership",91,77,78,Project Manager
Management,"Planning, Leadership",71,84,90,Project Manager
Management,"Planning, Leadership, Excel",75,77,86,Project Manager
Management,Excel,89,91,85,Project Manager
Management,Excel,70,90,72,Project Manager
Management,"Planning, Leadership, Excel",73,92,89,Project Manager
Management,"Planning, Leadership, Excel",74,78,95,Project Manager
Management,"Leadership, Planning",74,83,78,Project Manager
Management,Leadership,85,77,71,Project Manager
Management,Excel,71,83,84,Project Manager
Management,"Leadership, Excel",93,74,71,Project Manager
Management,"Excel, Leadership, Planning",90,84,77,Project Manager
Management,"Excel, Planning",87,86,93,Project Manager
Management,Excel,95,90,92,Project Manager
Management,Leadership,76,79,90,Project Manager
Management,"Planning, Leadership",83,93,92,Project Manager
Management,"Planning, Excel",86,81,89,Project Manager
Management,"Excel, Leadership, Planning",95,88,74,Project Manager
Management,"Planning, Leadership, Excel",92,86,73,Project Manager
Management,Leadership,81,91,82,Project Manager
Data,"SQL, Python",83,91,91,Data Scientist
Data,"Python, PowerBI",79,70,93,Data Scientist
Data,"PowerBI, SQL, Python",87,86,82,Data Scientist
Data,"PowerBI, SQL, Python",86,88,84,Data Scientist
Data,"SQL, Python",81,89,90,Data Scientist
Data,"Python, SQL, PowerBI",73,81,90,Data Scientist
Data,PowerBI,86,83,85,Data Scientist
Data,"Python, SQL",78,91,72,Data Scientist
Data,"PowerBI, Python, SQL",83,79,84,Data Scientist
Data,"SQL, PowerBI",88,90,83,Data Scientist
Data,"SQL, Python",77,80,94,Data Scientist
Data,"Python, PowerBI, SQL",89,77,88,Data Scientist
Data,"PowerBI, SQL",94,88,92,Data Scientist
Data,"SQL, Python",74,84,87,Data Scientist
Data,Python,78,70,70,Data Scientist
Data,"PowerBI, SQL",83,84,87,Data Scientist
Data,"PowerBI, Python",80,86,73,Data Scientist
Data,"PowerBI, SQL",75,81,71,Data Scientist
Data,"Python, SQL, PowerBI",86,71,92,Data Scientist
Data,"PowerBI, SQL, Python",91,85,93,Data Scientist
Data,"SQL, PowerBI",74,86,73,Data Scientist
Data,SQL,76,95,81,Data Scientist
Data,Python,81,85,72,Data Scientist
Data,"Python, PowerBI",92,78,79,Data Scientist
Data,SQL,80,74,70,Data Scientist
Data,PowerBI,93,89,79,Data Scientist
Data,SQL,74,78,89,Data Scientist
Data,"PowerBI, SQL, Python",93,93,95,Data Scientist
Data,"PowerBI, Python",90,81,86,Data Scientist
Data,Python,72,72,93,Data Scientist
Data,"PowerBI, Python, SQL",81,79,81,Data Scientist
Data,"PowerBI, SQL, Python",82,88,76,Data Scientist
Data,"PowerBI, SQL",81,76,83,Data Scientist
Data,"Python, PowerBI",76,84,88,Data Scientist
Data,Python,87,89,88,Data Scientist
Data,"SQL, Python, PowerBI",94,84,90,Data Scientist
Data,SQL,74,89,85,Data Scientist
Data,"SQL, PowerBI",95,75,93,Data Scientist
Data,"SQL, PowerBI, Python",81,84,95,Data Scientist
Data,"PowerBI, Python",78,84,89,Data Scientist
Data,"Python, PowerBI",71,91,82,Data Scientist
Data,"Python, SQL",87,94,88,Data Scientist
Data,Python,92,93,90,Data Scientist
Data,"Python, SQL, PowerBI",82,89,95,Data Scientist
Data,"PowerBI, Python, SQL",89,94,89,Data Scientist
Data,SQL,78,91,74,Data Scientist
Data,SQL,89,94,77,Data Scientist
Data,"Python, PowerBI",79,74,74,Data Scientist
Data,"Python, PowerBI",88,94,89,Data Scientist
Data,"Python, SQL",75,95,87,Data Scientist
Data,"PowerBI, SQL",71,78,88,Data Scientist
Data,"PowerBI, Python",78,82,80,Data Scientist
Data,"SQL, Python",93,81,75,Data Scientist
Data,"Python, PowerBI, SQL",95,90,89,Data Scientist
Data,SQL,71,75,79,Data Scientist
Data,SQL,88,78,75,Data Scientist
Data,PowerBI,93,75,85,Data Scientist
Data,Python,71,86,71,Data Scientist
Data,PowerBI,93,73,77,Data Scientist
Data,"PowerBI, SQL, Python",86,92,74,Data Scientist
Data,"PowerBI, SQL",73,89,77,Data Scientist
Data,PowerBI,95,75,91,Data Scientist
Data,"Python, PowerBI, SQL",79,76,84,Data Scientist
Data,"Python, PowerBI",88,82,72,Data Scientist
Data,Python,75,92,84,Data Scientist
Data,"SQL, Python",75,73,87,Data Scientist
Data,"Python, SQL",74,80,85,Data Scientist
Data,Python,78,93,79,Data Scientist
Data,"PowerBI, SQL",72,86,85,Data Scientist
Data,"Python, SQL",95,70,93,Data Scientist
Data,Python,81,91,90,Data Scientist
Data,"SQL, Python",80,80,72,Data Scientist
Data,"Python, SQL, PowerBI",72,92,86,Data Scientist
Data,"Python, PowerBI, SQL",93,79,70,Data Scientist
Data,"Python, PowerBI, SQL",86,95,79,Data Scientist
Data,"SQL, PowerBI",81,74,79,Data Scientist
Data,"Python, SQL",81,75,76,Data Scientist
Data,"Python, SQL, PowerBI",95,79,82,Data Scientist
Data,"Python, SQL, PowerBI",78,87,74,Data Scientist
Data,"PowerBI, Python, SQL",89,90,82,Data Scientist
Data,Python,79,91,77,Data Scientist
Data,"PowerBI, SQL",71,95,88,Data Scientist
Data,SQL,74,92,81,Data Scientist
Data,"PowerBI, SQL, Python",74,80,80,Data Scientist
Data,PowerBI,87,81,86,Data Scientist
Data,"SQL, PowerBI, Python",71,94,73,Data Scientist
Data,"SQL, PowerBI, Python",74,72,74,Data Scientist
Data,PowerBI,84,76,90,Data Scientist
Data,SQL,90,75,87,Data Scientist
Data,"SQL, Python, PowerBI",82,87,78,Data Scientist
Data,SQL,76,73,78,Data Scientist
Data,"SQL, PowerBI, Python",91,72,92,Data Scientist
Data,PowerBI,73,80,82,Data Scientist
Data,"PowerBI, Python",84,71,93,Data Scientist
Data,"PowerBI, Python, SQL",71,86,78,Data Scientist
Data,"SQL, PowerBI, Python",85,85,77,Data Scientist
Data,"SQL, Python",87,70,84,Data Scientist
Data,"SQL, Python",81,87,82,Data Scientist
Data,Python,88,77,72,Data Scientist
Data,"PowerBI, Python",76,76,94,Data Scientist
Data,"Python, PowerBI",92,73,92,Data Scientist
Data,SQL,78,92,77,Data Scientist
Data,"Python, PowerBI",84,93,81,Data Scientist
Data,"PowerBI, Python",77,91,81,Data Scientist
Data,"SQL, PowerBI, Python",70,71,77,Data Scientist
Data,Python,89,79,81,Data Scientist
Data,"Python, PowerBI",75,94,92,Data Scientist
Data,"Python, PowerBI, SQL",74,71,85,Data Scientist
Data,"Python, SQL",74,75,70,Data Scientist
Data,PowerBI,83,80,74,Data Scientist
Data,"Python, PowerBI, SQL",77,75,91,Data Scientist
Data,"SQL, Python",94,83,83,Data Scientist
Data,"PowerBI, SQL",83,73,74,Data Scientist
Data,"PowerBI, Python, SQL",77,82,79,Data Scientist
Data,PowerBI,74,72,94,Data Scientist
Data,"SQL, PowerBI, Python",87,76,74,Data Scientist
Data,"Python, SQL",84,83,78,Data Scientist
Data,"PowerBI, SQL, Python",95,83,95,Data Scientist
Data,"SQL, PowerBI",76,92,94,Data Scientist
Data,"PowerBI, Python",71,89,93,Data Scientist
Data,"Python, SQL, PowerBI",82,74,87,Data Scientist
Data,Python,74,72,84,Data Scientist
Data,"PowerBI, SQL",82,82,92,Data Scientist
Data,"PowerBI, SQL, Python",79,74,81,Data Scientist
Data,"Python, PowerBI, SQL",82,84,80,Data Scientist
Data,PowerBI,91,89,81,Data Scientist
Data,"SQL, PowerBI, Python",79,93,73,Data Scientist
Data,"PowerBI, Python",73,72,86,Data Scientist
Data,"Python, SQL, PowerBI",78,79,95,Data Scientist
Data,Python,84,94,84,Data Scientist
Data,"SQL, PowerBI",90,80,95,Data Scientist
Data,SQL,93,90,74,Data Scientist
Data,"PowerBI, SQL, Python",95,81,72,Data Scientist
Data,"SQL, PowerBI",76,91,75,Data Scientist
Data,"Python, SQL, PowerBI",75,84,73,Data Scientist
Data,"PowerBI, Python, SQL",81,89,71,Data Scientist
Data,Python,84,88,79,Data Scientist
Data,PowerBI,83,79,73,Data Scientist
Data,Python,94,84,94,Data Scientist
Data,"Python, SQL",70,78,92,Data Scientist
Data,PowerBI,93,93,73,Data Scientist
Data,"SQL, PowerBI, Python",91,74,91,Data Scientist
Data,"PowerBI, Python",88,77,93,Data Scientist
Data,"Python, SQL, PowerBI",71,79,87,Data Scientist
Data,"PowerBI, Python",78,93,86,Data Scientist
Data,"SQL, PowerBI",92,91,83,Data Scientist
Data,SQL,80,83,82,Data Scientist
Data,"Python, PowerBI",73,73,71,Data Scientist
Data,"SQL, Python",80,91,77,Data Scientist
Data,"SQL, Python, PowerBI",75,81,73,Data Scientist
Data,PowerBI,78,95,77,Data Scientist
Data,"PowerBI, Python, SQL",88,80,90,Data Scientist
Data,SQL,79,76,81,Data Scientist
Data,"PowerBI, SQL, Python",89,80,81,Data Scientist
Data,"SQL, PowerBI",70,80,78,Data Scientist
Data,"SQL, PowerBI",76,95,75,Data Scientist
Data,PowerBI,82,94,71,Data Scientist
Data,"SQL, PowerBI",91,89,79,Data Scientist
Data,"Python, SQL, PowerBI",84,73,85,Data Scientist
Data,"SQL, Python",76,72,86,Data Scientist
Data,"SQL, PowerBI",74,89,76,Data Scientist
Data,"PowerBI, Python, SQL",95,92,79,Data Scientist
Data,"SQL, Python, PowerBI",83,91,89,Data Scientist
Data,"Python, SQL",89,73,74,Data Scientist
Data,"SQL, PowerBI",90,92,78,Data Scientist
Data,"SQL, PowerBI, Python",91,71,79,Data Scientist
Data,"Python, PowerBI, SQL",88,79,84,Data Scientist
Data,"Python, PowerBI",77,92,87,Data Scientist
Data,Python,87,79,72,Data Scientist
Data,"Python, SQL, PowerBI",79,95,73,Data Scientist
Data,Python,87,75,86,Data Scientist
Data,"PowerBI, Python",84,80,80,Data Scientist
Data,"SQL, PowerBI",72,77,89,Data Scientist
Data,"SQL, PowerBI",75,86,87,Data Scientist
Data,"PowerBI, Python, SQL",84,90,82,Data Scientist
Data,"SQL, Python",72,79,75,Data Scientist
Data,"SQL, PowerBI, Python",93,72,91,Data Scientist
Data,Python,80,75,84,Data Scientist
Data,"PowerBI, SQL, Python",95,73,94,Data Scientist
Data,"PowerBI, Python",90,81,83,Data Scientist
Data,PowerBI,90,89,87,Data Scientist
Data,"SQL, PowerBI",76,84,90,Data Scientist
Data,Python,84,71,91,Data Scientist
Data,"PowerBI, SQL, Python",86,71,84,Data Scientist
Data,"PowerBI, SQL, Python",73,71,73,Data Scientist
Data,"SQL, Python, PowerBI",75,90,77,Data Scientist
Data,"PowerBI, SQL",90,81,85,Data Scientist
Data,SQL,92,89,93,Data Scientist
Data,"PowerBI, SQL, Python",95,94,87,Data Scientist
Data,"Python, PowerBI",70,77,95,Data Scientist
Data,"Python, PowerBI",82,92,93,Data Scientist
Data,"PowerBI, Python, SQL",73,81,82,Data Scientist
Data,"PowerBI, Python",70,76,83,Data Scientist
Data,Python,88,87,84,Data Scientist
Data,"PowerBI, Python",95,71,74,Data Scientist
Data,PowerBI,71,73,77,Data Scientist
Data,"Python, PowerBI",95,84,76,Data Scientist
Data,"Python, SQL",89,70,81,Data Scientist
Data,"SQL, Python, PowerBI",70,91,89,Data Scientist
Data,"PowerBI, Python",83,93,72,Data Scientist
Writing,Content Writing,73,85,87,Content Writer
Writing,Blogging,76,78,85,Content Writer
Writing,Content Writing,75,82,79,Content Writer
Writing,"Editing, Content Writing, Blogging",72,94,86,Content Writer
Writing,Blogging,81,91,74,Content Writer
Writing,Content Writing,89,76,93,Content Writer
Writing,"Content Writing, Blogging",91,80,86,Content Writer
Writing,"Content Writing, Editing, Blogging",79,87,92,Content Writer
Writing,Blogging,83,89,71,Content Writer
Writing,"Content Writing, Blogging",72,83,83,Content Writer
Writing,"Editing, Content Writing, Blogging",87,80,79,Content Writer
Writing,"Blogging, Content Writing, Editing",76,79,71,Content Writer
Writing,Blogging,93,88,93,Content Writer
Writing,"Blogging, Content Writing",81,71,84,Content Writer
Writing,Content Writing,77,95,91,Content Writer
Writing,"Blogging, Editing, Content Writing",89,70,79,Content Writer
Writing,Content Writing,76,88,88,Content Writer
Writing,"Editing, Blogging",78,91,83,Content Writer
Writing,"Blogging, Editing, Content Writing",93,72,83,Content Writer
Writing,"Content Writing, Editing",86,92,75,Content Writer
Writing,Blogging,82,81,78,Content Writer
Writing,Editing,95,92,88,Content Writer
Writing,"Editing, Blogging, Content Writing",85,94,75,Content Writer
Writing,"Editing, Content Writing",92,95,95,Content Writer
Writing,"Editing, Blogging",78,84,72,Content Writer
Writing,Content Writing,82,92,89,Content Writer
Writing,"Editing, Content Writing, Blogging",95,95,74,Content Writer
Writing,Blogging,85,72,77,Content Writer
Writing,"Content Writing, Blogging",88,70,95,Content Writer
Writing,"Content Writing, Editing, Blogging",95,79,94,Content Writer
Writing,"Blogging, Editing, Content Writing",94,71,90,Content Writer
Writing,"Editing, Content Writing, Blogging",75,71,90,Content Writer
Writing,"Content Writing, Blogging",86,80,82,Content Writer
Writing,"Editing, Content Writing",95,86,79,Content Writer
Writing,Editing,83,83,71,Content Writer
Writing,"Content Writing, Blogging, Editing",80,85,75,Content Writer
Writing,"Editing, Blogging",72,85,78,Content Writer
Writing,"Editing, Content Writing, Blogging",72,80,86,Content Writer
Writing,"Content Writing, Editing",90,94,89,Content Writer
Writing,Blogging,92,92,73,Content Writer
Writing,Editing,95,77,88,Content Writer
Writing,Blogging,85,70,86,Content Writer
Writing,Content Writing,90,83,78,Content Writer
Writing,"Editing, Blogging",91,83,72,Content Writer
Writing,"Blogging, Editing",79,89,73,Content Writer
Writing,Blogging,84,95,75,Content Writer
Writing,Content Writing,75,71,85,Content Writer
Writing,Blogging,95,86,81,Content Writer
Writing,"Editing, Blogging, Content Writing",81,83,77,Content Writer
Writing,"Editing, Content Writing, Blogging",79,82,70,Content Writer
Writing,"Editing, Content Writing, Blogging",83,90,71,Content Writer
Writing,"Editing, Blogging",91,92,86,Content Writer
Writing,"Editing, Content Writing, Blogging",76,74,84,Content Writer
Writing,Editing,94,83,79,Content Writer
Writing,"Content Writing, Editing, Blogging",88,83,77,Content Writer
Writing,"Blogging, Editing",82,78,72,Content Writer
Writing,Content Writing,92,70,94,Content Writer
Writing,Content Writing,92,86,89,Content Writer
Writing,Editing,77,79,72,Content Writer
Writing,"Content Writing, Blogging",76,92,92,Content Writer
Writing,"Editing, Content Writing",70,72,71,Content Writer
Writing,"Editing, Blogging",70,72,74,Content Writer
Writing,Blogging,80,94,94,Content Writer
Writing,Blogging,89,71,72,Content Writer
Writing,Content Writing,94,72,80,Content Writer
Writing,Content Writing,84,88,75,Content Writer
Writing,Editing,78,80,76,Content Writer
Writing,Content Writing,90,70,77,Content Writer
Writing,"Content Writing, Blogging",79,91,75,Content Writer
Writing,"Content Writing, Blogging, Editing",93,87,90,Content Writer
Writing,Editing,90,83,83,Content Writer
Writing,"Blogging, Content Writing, Editing",74,70,88,Content Writer
Writing,Content Writing,83,95,95,Content Writer
Writing,"Blogging, Editing",88,77,92,Content Writer
Writing,"Editing, Content Writing, Blogging",88,86,86,Content Writer
Writing,"Blogging, Content Writing, Editing",83,94,79,Content Writer
Writing,"Editing, Content Writing, Blogging",73,81,82,Content Writer
Writing,Editing,91,85,73,Content Writer
Writing,"Content Writing, Blogging, Editing",73,74,85,Content Writer
Writing,"Content Writing, Editing, Blogging",82,78,74,Content Writer
Writing,"Editing, Content Writing",92,70,72,Content Writer
Writing,Blogging,85,95,90,Content Writer
Writing,"Content Writing, Editing",72,74,79,Content Writer
Writing,"Content Writing, Editing",85,79,70,Content Writer
Writing,"Editing, Content Writing",78,84,89,Content Writer
Writing,"Editing, Blogging",90,75,76,Content Writer
Writing,Content Writing,92,92,77,Content Writer
Writing,"Content Writing, Editing",90,80,83,Content Writer
Writing,"Editing, Blogging, Content Writing",83,77,82,Content Writer
Writing,"Editing, Blogging, Content Writing",90,87,74,Content Writer
Writing,"Editing, Content Writing, Blogging",73,85,84,Content Writer
Writing,"Content Writing, Blogging, Editing",89,93,91,Content Writer
Writing,"Content Writing, Editing, Blogging",73,93,75,Content Writer
Writing,Editing,79,94,71,Content Writer
Writing,"Content Writing, Editing, Blogging",79,72,88,Content Writer
Writing,"Blogging, Content Writing",83,85,78,Content Writer
Writing,"Editing, Blogging, Content Writing",72,90,70,Content Writer
Writing,"Blogging, Editing, Content Writing",74,95,84,Content Writer
Writing,"Content Writing, Blogging, Editing",93,89,89,Content Writer
Writing,"Blogging, Content Writing",87,74,79,Content Writer
Writing,"Blogging, Editing",85,82,73,Content Writer
Writing,Editing,70,70,77,Content Writer
Writing,Content Writing,90,95,70,Content Writer
Writing,"Editing, Blogging",79,95,87,Content Writer
Writing,"Content Writing, Blogging, Editing",72,75,77,Content Writer
Writing,"Content Writing, Blogging",77,75,77,Content Writer
Writing,"Blogging, Content Writing",93,86,91,Content Writer
Writing,"Content Writing, Blogging, Editing",86,74,83,Content Writer
Writing,"Content Writing, Editing",84,84,73,Content Writer
Writing,Content Writing,71,74,85,Content Writer
Writing,"Editing, Blogging",77,92,87,Content Writer
Writing,"Content Writing, Blogging",80,74,79,Content Writer
Writing,"Blogging, Content Writing, Editing",77,79,93,Content Writer
Writing,"Blogging, Editing, Content Writing",80,88,80,Content Writer
Writing,"Blogging, Editing, Content Writing",91,92,90,Content Writer
Writing,"Blogging, Editing, Content Writing",95,71,74,Content Writer
Writing,Editing,93,74,92,Content Writer
Writing,Content Writing,77,83,73,Content Writer
Writing,"Content Writing, Blogging",79,90,81,Content Writer
Writing,"Content Writing, Editing, Blogging",70,90,72,Content Writer
Writing,Content Writing,89,85,92,Content Writer
Writing,Blogging,74,94,71,Content Writer
Writing,"Editing, Blogging, Content Writing",87,93,88,Content Writer
Writing,Editing,77,83,91,Content Writer
Writing,"Blogging, Content Writing",84,93,81,Content Writer
Writing,Content Writing,88,87,93,Content Writer
Writing,"Editing, Content Writing, Blogging",88,71,87,Content Writer
Writing,"Blogging, Editing, Content Writing",90,79,88,Content Writer
Writing,"Content Writing, Editing",84,79,73,Content Writer
Writing,"Blogging, Content Writing",91,74,95,Content Writer
Writing,"Blogging, Content Writing, Editing",71,87,92,Content Writer
Writing,Blogging,84,87,71,Content Writer
Writing,Editing,90,94,86,Content Writer
Writing,"Blogging, Content Writing, Editing",74,76,76,Content Writer
Writing,"Blogging, Content Writing",81,90,94,Content Writer
Writing,"Content Writing, Blogging, Editing",86,90,76,Content Writer
Writing,Content Writing,81,94,73,Content Writer
Writing,"Blogging, Editing",85,92,81,Content Writer
Writing,"Content Writing, Blogging, Editing",93,93,87,Content Writer
Writing,"Blogging, Editing",83,88,73,Content Writer
Writing,"Editing, Blogging",90,90,75,Content Writer
Writing,Blogging,85,81,86,Content Writer
Writing,"Editing, Blogging, Content Writing",75,77,95,Content Writer
Writing,"Content Writing, Editing, Blogging",92,91,73,Content Writer
Writing,Content Writing,70,79,78,Content Writer
Writing,"Blogging, Content Writing",77,79,92,Content Writer
Writing,"Content Writing, Blogging, Editing",84,83,71,Content Writer
Writing,"Blogging, Editing, Content Writing",86,73,77,Content Writer
Writing,"Content Writing, Editing",78,86,83,Content Writer
Writing,"Editing, Content Writing, Blogging",86,74,76,Content Writer
Writing,"Blogging, Content Writing, Editing",81,93,88,Content Writer
Writing,"Content Writing, Blogging",73,85,76,Content Writer
Writing,"Content Writing, Blogging",77,90,83,Content Writer
Writing,"Blogging, Content Writing, Editing",95,75,82,Content Writer
Writing,"Content Writing, Blogging",83,95,94,Content Writer
Writing,"Editing, Content Writing",73,75,77,Content Writer
Writing,"Editing, Blogging",75,83,85,Content Writer
Writing,"Editing, Blogging",84,90,94,Content Writer
Writing,"Content Writing, Editing",75,73,94,Content Writer
Writing,"Editing, Content Writing",70,71,78,Content Writer
Writing,"Editing, Content Writing",74,94,79,Content Writer
Writing,Blogging,76,83,84,Content Writer
Writing,Content Writing,93,71,87,Content Writer
Writing,"Content Writing, Editing",95,74,79,Content Writer
Writing,"Blogging, Content Writing",80,81,75,Content Writer
Writing,"Editing, Blogging",79,90,71,Content Writer
Writing,"Editing, Content Writing, Blogging",80,95,83,Content Writer
Writing,"Content Writing, Blogging",75,91,73,Content Writer
Writing,"Blogging, Content Writing, Editing",72,71,71,Content Writer
Writing,Blogging,79,81,91,Content Writer
Writing,"Editing, Content Writing, Blogging",77,71,82,Content Writer
Writing,"Editing, Blogging",86,85,72,Content Writer
Writing,"Blogging, Editing, Content Writing",95,85,82,Content Writer
Writing,"Blogging, Content Writing, Editing",92,89,70,Content Writer
Writing,"Content Writing, Editing, Blogging",75,93,95,Content Writer
Writing,"Content Writing, Blogging",75,76,94,Content Writer
Writing,"Blogging, Content Writing",90,87,84,Content Writer
Writing,"Blogging, Editing, Content Writing",77,74,74,Content Writer
Writing,Content Writing,93,94,76,Content Writer
Writing,Blogging,90,90,81,Content Writer
Writing,"Editing, Blogging",89,87,76,Content Writer
Writing,"Blogging, Editing, Content Writing",77,85,75,Content Writer
Writing,"Blogging, Content Writing, Editing",92,91,92,Content Writer
Writing,Content Writing,72,95,77,Content Writer
Writing,Editing,74,87,72,Content Writer
Writing,"Editing, Blogging, Content Writing",88,91,78,Content Writer
Writing,"Editing, Content Writing",70,71,84,Content Writer
Writing,"Content Writing, Editing",85,77,77,Content Writer
Writing,Editing,73,79,91,Content Writer
Writing,"Content Writing, Editing",85,94,86,Content Writer
Writing,Editing,79,94,76,Content Writer
Writing,"Blogging, Content Writing",75,73,92,Content Writer
Writing,"Editing, Content Writing, Blogging",73,77,88,Content Writer
Writing,"Editing, Content Writing, Blogging",74,92,70,Content Writer
Writing,"Content Writing, Editing, Blogging",70,74,73,Content Writer
Writing,Editing,88,90,92,Content Writer
Writing,Content Writing,88,94,76,Content Writer
Writing,Content Writing,89,71,86,Content Writer
Writing,Content Writing,72,88,81,Content Writer
Writing,Blogging,92,72,85,Content Writer
Healthcare,Patient Care,80,81,87,Health Assistant
Healthcare,"Patient Care, Medical Terminology",83,79,80,Health Assistant
Healthcare,Patient Care,73,84,94,Health Assistant
Healthcare,Medical Terminology,78,78,80,Health Assistant
Healthcare,Medical Terminology,95,79,91,Health Assistant
Healthcare,Medical Terminology,83,78,89,Health Assistant
Healthcare,"Patient Care, Medical Terminology",72,82,74,Health Assistant
Healthcare,"Patient Care, Medical Terminology",73,82,80,Health Assistant
Healthcare,"Patient Care, Medical Terminology",94,83,74,Health Assistant
Healthcare,Medical Terminology,85,85,94,Health Assistant
Healthcare,"Medical Terminology, Patient Care",90,72,76,Health Assistant
Healthcare,Medical Terminology,92,78,73,Health Assistant
Healthcare,Medical Terminology,70,77,73,Health Assistant
Healthcare,"Patient Care, Medical Terminology",78,80,89,Health Assistant
Healthcare,Patient Care,80,82,85,Health Assistant
Healthcare,Medical Terminology,75,87,88,Health Assistant
Healthcare,"Medical Terminology, Patient Care",70,90,81,Health Assistant
Healthcare,Patient Care,73,71,93,Health Assistant
Healthcare,Patient Care,76,79,89,Health Assistant
Healthcare,"Patient Care, Medical Terminology",83,92,79,Health Assistant
Healthcare,"Medical Terminology, Patient Care",75,87,88,Health Assistant
Healthcare,Medical Terminology,92,84,84,Health Assistant
Healthcare,Patient Care,88,89,77,Health Assistant
Healthcare,Patient Care,77,95,78,Health Assistant
Healthcare,Patient Care,71,72,80,Health Assistant
Healthcare,Patient Care,76,74,88,Health Assistant
Healthcare,Patient Care,71,80,71,Health Assistant
Healthcare,Medical Terminology,85,88,83,Health Assistant
Healthcare,Patient Care,87,70,77,Health Assistant
Healthcare,Medical Terminology,72,87,86,Health Assistant
Healthcare,"Patient Care, Medical Terminology",78,80,71,Health Assistant
Healthcare,Medical Terminology,72,76,94,Health Assistant
Healthcare,"Medical Terminology, Patient Care",82,94,71,Health Assistant
Healthcare,"Patient Care, Medical Terminology",82,78,81,Health Assistant
Healthcare,Medical Terminology,86,72,70,Health Assistant
Healthcare,"Patient Care, Medical Terminology",70,95,75,Health Assistant
Healthcare,Patient Care,79,85,78,Health Assistant
Healthcare,Patient Care,84,73,76,Health Assistant
Healthcare,Medical Terminology,71,71,84,Health Assistant
Healthcare,Medical Terminology,72,72,80,Health Assistant
Healthcare,Patient Care,89,80,91,Health Assistant
Healthcare,Patient Care,82,70,88,Health Assistant
Healthcare,Patient Care,83,91,88,Health Assistant
Healthcare,"Patient Care, Medical Terminology",87,90,92,Health Assistant
Healthcare,"Patient Care, Medical Terminology",72,83,80,Health Assistant
Healthcare,Patient Care,78,89,70,Health Assistant
Healthcare,"Patient Care, Medical Terminology",76,72,90,Health Assistant
Healthcare,Medical Terminology,78,76,88,Health Assistant
Healthcare,Medical Terminology,77,88,79,Health Assistant
Healthcare,"Medical Terminology, Patient Care",94,71,88,Health Assistant
Healthcare,"Patient Care, Medical Terminology",70,88,90,Health Assistant
Healthcare,Patient Care,72,94,78,Health Assistant
Healthcare,Patient Care,74,82,83,Health Assistant
Healthcare,Medical Terminology,95,93,79,Health Assistant
Healthcare,"Medical Terminology, Patient Care",76,70,78,Health Assistant
Healthcare,"Patient Care, Medical Terminology",89,84,79,Health Assistant
Healthcare,"Patient Care, Medical Terminology",88,86,73,Health Assistant
Healthcare,Patient Care,81,87,73,Health Assistant
Healthcare,Patient Care,94,79,79,Health Assistant
Healthcare,"Patient Care, Medical Terminology",91,70,87,Health Assistant
Healthcare,Patient Care,84,95,94,Health Assistant
Healthcare,"Medical Terminology, Patient Care",74,70,77,Health Assistant
Healthcare,Patient Care,74,74,76,Health Assistant
Healthcare,Medical Terminology,82,72,81,Health Assistant
Healthcare,"Patient Care, Medical Terminology",89,94,89,Health Assistant
Healthcare,"Medical Terminology, Patient Care",88,89,70,Health Assistant
Healthcare,"Patient Care, Medical Terminology",78,83,95,Health Assistant
Healthcare,Patient Care,74,74,93,Health Assistant
Healthcare,Medical Terminology,93,72,71,Health Assistant
Healthcare,Patient Care,79,94,72,Health Assistant
Healthcare,Patient Care,92,80,86,Health Assistant
Healthcare,"Medical Terminology, Patient Care",89,78,86,Health Assistant
Healthcare,"Medical Terminology, Patient Care",76,73,90,Health Assistant
Healthcare,Medical Terminology,74,91,88,Health Assistant
Healthcare,Medical Terminology,70,75,75,Health Assistant
Healthcare,Patient Care,78,84,88,Health Assistant
Healthcare,Medical Terminology,88,86,72,Health Assistant
Healthcare,Patient Care,91,88,87,Health Assistant
Healthcare,Medical Terminology,88,83,87,Health Assistant
Healthcare,Patient Care,72,71,88,Health Assistant
Healthcare,Medical Terminology,70,73,80,Health Assistant
Healthcare,"Medical Terminology, Patient Care",88,73,72,Health Assistant
Healthcare,Patient Care,87,75,75,Health Assistant
Healthcare,"Patient Care, Medical Terminology",91,87,78,Health Assistant
Healthcare,"Patient Care, Medical Terminology",94,82,93,Health Assistant
Healthcare,Patient Care,73,81,94,Health Assistant
Healthcare,Patient Care,89,92,81,Health Assistant
Healthcare,Medical Terminology,80,71,71,Health Assistant
Healthcare,Patient Care,92,78,80,Health Assistant
Healthcare,"Patient Care, Medical Terminology",81,84,80,Health Assistant
Healthcare,Patient Care,92,77,83,Health Assistant
Healthcare,"Medical Terminology, Patient Care",90,83,71,Health Assistant
Healthcare,Patient Care,90,94,90,Health Assistant
Healthcare,Medical Terminology,80,74,70,Health Assistant
Healthcare,Patient Care,94,84,72,Health Assistant
Healthcare,Patient Care,84,85,71,Health Assistant
Healthcare,Medical Terminology,76,79,74,Health Assistant
Healthcare,"Patient Care, Medical Terminology",84,94,71,Health Assistant
Healthcare,Patient Care,81,86,86,Health Assistant
Healthcare,"Patient Care, Medical Terminology",91,88,80,Health Assistant
Healthcare,"Medical Terminology, Patient Care",82,88,78,Health Assistant
Healthcare,"Medical Terminology, Patient Care",79,78,74,Health Assistant
Healthcare,Medical Terminology,82,94,79,Health Assistant
Healthcare,Medical Terminology,79,78,80,Health Assistant
Healthcare,"Patient Care, Medical Terminology",78,73,81,Health Assistant
Healthcare,"Patient Care, Medical Terminology",83,73,83,Health Assistant
Healthcare,Medical Terminology,81,84,85,Health Assistant
Healthcare,"Patient Care, Medical Terminology",83,86,86,Health Assistant
Healthcare,Medical Terminology,73,89,76,Health Assistant
Healthcare,Medical Terminology,85,77,78,Health Assistant
Healthcare,Medical Terminology,78,92,81,Health Assistant
Healthcare,Medical Terminology,90,71,81,Health Assistant
Healthcare,"Patient Care, Medical Terminology",72,87,87,Health Assistant
Healthcare,Patient Care,77,88,73,Health Assistant
Healthcare,"Patient Care, Medical Terminology",89,89,84,Health Assistant
Healthcare,"Medical Terminology, Patient Care",93,71,76,Health Assistant
Healthcare,Medical Terminology,79,81,91,Health Assistant
Healthcare,Patient Care,74,87,93,Health Assistant
Healthcare,"Patient Care, Medical Terminology",85,93,93,Health Assistant
Healthcare,Medical Terminology,84,78,86,Health Assistant
Healthcare,Patient Care,89,95,81,Health Assistant
Healthcare,Patient Care,75,87,83,Health Assistant
Healthcare,"Medical Terminology, Patient Care",77,71,72,Health Assistant
Healthcare,Patient Care,74,71,77,Health Assistant
Healthcare,Medical Terminology,91,89,76,Health Assistant
Healthcare,"Patient Care, Medical Terminology",89,73,71,Health Assistant
Healthcare,"Medical Terminology, Patient Care",78,89,81,Health Assistant
Healthcare,Patient Care,83,76,71,Health Assistant
Healthcare,Medical Terminology,86,74,79,Health Assistant
Healthcare,Medical Terminology,84,85,79,Health Assistant
Healthcare,"Medical Terminology, Patient Care",87,86,77,Health Assistant
Healthcare,"Patient Care, Medical Terminology",85,82,81,Health Assistant
Healthcare,Medical Terminology,88,85,71,Health Assistant
Healthcare,"Patient Care, Medical Terminology",86,70,82,Health Assistant
Healthcare,"Medical Terminology, Patient Care",95,94,76,Health Assistant
Healthcare,Medical Terminology,76,91,91,Health Assistant
Healthcare,"Medical Terminology, Patient Care",70,84,95,Health Assistant
Healthcare,"Patient Care, Medical Terminology",90,80,90,Health Assistant
Healthcare,Patient Care,79,89,71,Health Assistant
Healthcare,Medical Terminology,72,87,77,Health Assistant
Healthcare,"Patient Care, Medical Terminology",95,81,78,Health Assistant
Healthcare,"Patient Care, Medical Terminology",83,90,85,Health Assistant
Healthcare,Medical Terminology,72,81,85,Health Assistant
Healthcare,"Patient Care, Medical Terminology",76,86,75,Health Assistant
Healthcare,Patient Care,94,93,90,Health Assistant
Healthcare,"Patient Care, Medical Terminology",72,94,86,Health Assistant
Healthcare,Patient Care,92,70,74,Health Assistant
Healthcare,Patient Care,85,92,78,Health Assistant
Healthcare,"Medical Terminology, Patient Care",95,70,80,Health Assistant
Healthcare,Medical Terminology,94,89,78,Health Assistant
Healthcare,Medical Terminology,75,74,89,Health Assistant
Healthcare,Medical Terminology,80,90,72,Health Assistant
Healthcare,"Patient Care, Medical Terminology",85,78,73,Health Assistant
Healthcare,"Medical Terminology, Patient Care",77,83,74,Health Assistant
Healthcare,Patient Care,72,75,78,Health Assistant
Healthcare,"Medical Terminology, Patient Care",72,91,84,Health Assistant
Healthcare,Patient Care,84,78,82,Health Assistant
Healthcare,Patient Care,86,81,94,Health Assistant
Healthcare,"Medical Terminology, Patient Care",84,82,92,Health Assistant
Healthcare,"Patient Care, Medical Terminology",71,86,73,Health Assistant
Healthcare,"Medical Terminology, Patient Care",75,87,73,Health Assistant
Healthcare,Medical Terminology,92,85,70,Health Assistant
Healthcare,Patient Care,70,85,93,Health Assistant
Healthcare,"Medical Terminology, Patient Care",82,70,76,Health Assistant
Healthcare,Medical Terminology,87,90,75,Health Assistant
Healthcare,"Patient Care, Medical Terminology",79,94,79,Health Assistant
Healthcare,Medical Terminology,71,70,93,Health Assistant
Healthcare,"Patient Care, Medical Terminology",86,87,72,Health Assistant
Healthcare,"Medical Terminology, Patient Care",85,89,77,Health Assistant
Healthcare,"Patient Care, Medical Terminology",86,87,74,Health Assistant
Healthcare,"Patient Care, Medical Terminology",95,72,73,Health Assistant
Healthcare,Patient Care,74,81,94,Health Assistant
Healthcare,Medical Terminology,78,86,90,Health Assistant
Healthcare,"Patient Care, Medical Terminology",90,95,72,Health Assistant
Healthcare,Medical Terminology,73,81,73,Health Assistant
Healthcare,"Patient Care, Medical Terminology",73,75,89,Health Assistant
Healthcare,"Patient Care, Medical Terminology",93,72,93,Health Assistant
Healthcare,Medical Terminology,73,72,89,Health Assistant
Healthcare,"Patient Care, Medical Terminology",82,72,91,Health Assistant
Healthcare,"Medical Terminology, Patient Care",92,70,83,Health Assistant
Healthcare,"Medical Terminology, Patient Care",70,80,79,Health Assistant
Healthcare,"Medical Terminology, Patient Care",94,71,87,Health Assistant
Healthcare,Medical Terminology,80,77,80,Health Assistant
Healthcare,"Medical Terminology, Patient Care",89,90,93,Health Assistant
Healthcare,"Patient Care, Medical Terminology",92,93,73,Health Assistant
Healthcare,Patient Care,78,90,79,Health Assistant
Healthcare,Medical Terminology,71,86,74,Health Assistant
Healthcare,"Medical Terminology, Patient Care",72,84,79,Health Assistant
Healthcare,"Medical Terminology, Patient Care",73,82,79,Health Assistant
Healthcare,Patient Care,91,92,89,Health Assistant
Healthcare,Medical Terminology,95,73,79,Health Assistant
Healthcare,Medical Terminology,86,81,81,Health Assistant
Healthcare,"Medical Terminology, Patient Care",76,76,85,Health Assistant
Healthcare,Patient Care,85,91,86,Health Assistant
Healthcare,"Medical Terminology, Patient Care",93,84,75,Health Assistant
Healthcare,"Medical Terminology, Patient Care",76,74,81,Health Assistant
Healthcare,Patient Care,95,82,88,Health Assistant
Healthcare,"Medical Terminology, Patient Care",70,71,88,Health Assistant
Healthcare,"Medical Terminology, Patient Care",94,83,77,Health Assistant
Healthcare,Patient Care,83,77,90,Health Assistant
Engineering,AutoCAD,73,71,70,Mechanical Engineer
Engineering,"AutoCAD, Circuit Design, SolidWorks",77,95,94,Mechanical Engineer
Engineering,AutoCAD,88,73,78,Mechanical Engineer
Engineering,SolidWorks,71,93,75,Mechanical Engineer
Engineering,"SolidWorks, AutoCAD, Circuit Design",85,72,88,Mechanical Engineer
Engineering,"SolidWorks, Circuit Design",78,80,82,Mechanical Engineer
Engineering,"Circuit Design, SolidWorks, AutoCAD",76,74,82,Mechanical Engineer
Engineering,"Circuit Design, AutoCAD, SolidWorks",92,71,86,Mechanical Engineer
Engineering,"AutoCAD, Circuit Design, SolidWorks",81,95,91,Mechanical Engineer
Engineering,"AutoCAD, Circuit Design",95,95,89,Mechanical Engineer
Engineering,"AutoCAD, Circuit Design, SolidWorks",95,93,93,Mechanical Engineer
Engineering,Circuit Design,85,84,85,Mechanical Engineer
Engineering,AutoCAD,80,92,88,Mechanical Engineer
Engineering,"SolidWorks, AutoCAD",82,94,75,Mechanical Engineer
Engineering,"AutoCAD, Circuit Design",77,82,72,Mechanical Engineer
Engineering,"AutoCAD, Circuit Design",95,88,79,Mechanical Engineer
Engineering,"SolidWorks, AutoCAD",92,89,91,Mechanical Engineer
Engineering,"AutoCAD, Circuit Design, SolidWorks",81,77,93,Mechanical Engineer
Engineering,"Circuit Design, AutoCAD",80,94,78,Mechanical Engineer
Engineering,"Circuit Design, SolidWorks, AutoCAD",77,93,87,Mechanical Engineer
Engineering,"SolidWorks, Circuit Design, AutoCAD",85,73,83,Mechanical Engineer
Engineering,"Circuit Design, AutoCAD",77,70,71,Mechanical Engineer
Engineering,"Circuit Design, SolidWorks, AutoCAD",86,75,78,Mechanical Engineer
Engineering,"SolidWorks, AutoCAD",75,72,85,Mechanical Engineer
Engineering,"AutoCAD, SolidWorks",87,93,83,Mechanical Engineer
Engineering,Circuit Design,70,95,75,Mechanical Engineer
Engineering,SolidWorks,92,92,70,Mechanical Engineer
Engineering,"SolidWorks, AutoCAD, Circuit Design",88,80,74,Mechanical Engineer
Engineering,"Circuit Design, AutoCAD, SolidWorks",71,91,75,Mechanical Engineer
Engineering,Circuit Design,81,77,83,Mechanical Engineer
Engineering,SolidWorks,80,87,84,Mechanical Engineer
Engineering,"SolidWorks, Circuit Design, AutoCAD",84,81,73,Mechanical Engineer
Engineering,"AutoCAD, Circuit Design, SolidWorks",88,88,74,Mechanical Engineer
Engineering,"Circuit Design, SolidWorks",77,82,83,Mechanical Engineer
Engineering,SolidWorks,76,86,89,Mechanical Engineer
Engineering,"Circuit Design, AutoCAD, SolidWorks",76,91,86,Mechanical Engineer
Engineering,"AutoCAD, Circuit Design, SolidWorks",85,75,89,Mechanical Engineer
Engineering,"AutoCAD, Circuit Design, SolidWorks",74,80,72,Mechanical Engineer
Engineering,SolidWorks,84,70,83,Mechanical Engineer
Engineering,"AutoCAD, SolidWorks, Circuit Design",83,95,89,Mechanical Engineer
Engineering,SolidWorks,84,77,93,Mechanical Engineer
Engineering,"Circuit Design, AutoCAD, SolidWorks",74,73,89,Mechanical Engineer
Engineering,"SolidWorks, Circuit Design",75,86,94,Mechanical Engineer
Engineering,Circuit Design,95,79,71,Mechanical Engineer
Engineering,"AutoCAD, SolidWorks",87,94,91,Mechanical Engineer
Engineering,"SolidWorks, Circuit Design",93,82,73,Mechanical Engineer
Engineering,"AutoCAD, Circuit Design",89,84,79,Mechanical Engineer
Engineering,"Circuit Design, AutoCAD",83,95,73,Mechanical Engineer
Engineering,"Circuit Design, SolidWorks",82,86,94,Mechanical Engineer
Engineering,"AutoCAD, Circuit Design, SolidWorks",78,80,72,Mechanical Engineer
Engineering,Circuit Design,78,89,90,Mechanical Engineer
Engineering,"AutoCAD, Circuit Design",72,73,90,Mechanical Engineer
Engineering,SolidWorks,74,79,82,Mechanical Engineer
Engineering,"AutoCAD, Circuit Design",77,76,87,Mechanical Engineer
Engineering,"AutoCAD, Circuit Design",78,84,77,Mechanical Engineer
Engineering,"Circuit Design, AutoCAD, SolidWorks",79,70,78,Mechanical Engineer
Engineering,"Circuit Design, AutoCAD, SolidWorks",80,80,90,Mechanical Engineer
Engineering,"AutoCAD, Circuit Design, SolidWorks",82,93,95,Mechanical Engineer
Engineering,"SolidWorks, AutoCAD, Circuit Design",85,73,93,Mechanical Engineer
Engineering,Circuit Design,75,93,85,Mechanical Engineer
Engineering,Circuit Design,79,77,83,Mechanical Engineer
Engineering,"SolidWorks, AutoCAD, Circuit Design",87,75,90,Mechanical Engineer
Engineering,"AutoCAD, Circuit Design, SolidWorks",86,84,74,Mechanical Engineer
Engineering,"SolidWorks, AutoCAD, Circuit Design",89,78,81,Mechanical Engineer
Engineering,Circuit Design,79,89,93,Mechanical Engineer
Engineering,SolidWorks,84,79,95,Mechanical Engineer
Engineering,"AutoCAD, Circuit Design, SolidWorks",82,89,83,Mechanical Engineer
Engineering,"AutoCAD, Circuit Design",81,85,91,Mechanical Engineer
Engineering,SolidWorks,84,75,71,Mechanical Engineer
Engineering,"Circuit Design, AutoCAD",76,84,74,Mechanical Engineer
Engineering,"AutoCAD, Circuit Design, SolidWorks",88,73,91,Mechanical Engineer
Engineering,"SolidWorks, Circuit Design, AutoCAD",94,78,91,Mechanical Engineer
Engineering,"AutoCAD, SolidWorks",83,89,86,Mechanical Engineer
Engineering,SolidWorks,90,81,79,Mechanical Engineer
Engineering,Circuit Design,95,76,86,Mechanical Engineer
Engineering,SolidWorks,91,81,83,Mechanical Engineer
Engineering,"AutoCAD, SolidWorks",78,81,74,Mechanical Engineer
Engineering,"AutoCAD, Circuit Design",92,79,95,Mechanical Engineer
Engineering,AutoCAD,84,72,89,Mechanical Engineer
Engineering,Circuit Design,82,81,71,Mechanical Engineer
Engineering,Circuit Design,75,75,83,Mechanical Engineer
Engineering,"SolidWorks, AutoCAD, Circuit Design",71,91,83,Mechanical Engineer
Engineering,"Circuit Design, AutoCAD",93,84,82,Mechanical Engineer
Engineering,SolidWorks,85,93,84,Mechanical Engineer
Engineering,"Circuit Design, SolidWorks, AutoCAD",92,89,90,Mechanical Engineer
Engineering,"Circuit Design, SolidWorks, AutoCAD",76,75,95,Mechanical Engineer
Engineering,Circuit Design,83,92,72,Mechanical Engineer
Engineering,"AutoCAD, SolidWorks",93,93,73,Mechanical Engineer
Engineering,"Circuit Design, SolidWorks",90,91,80,Mechanical Engineer
Engineering,SolidWorks,90,70,89,Mechanical Engineer
Engineering,"Circuit Design, AutoCAD, SolidWorks",81,75,77,Mechanical Engineer
Engineering,"Circuit Design, AutoCAD, SolidWorks",91,88,86,Mechanical Engineer
Engineering,"SolidWorks, Circuit Design, AutoCAD",87,78,73,Mechanical Engineer
Engineering,Circuit Design,94,72,79,Mechanical Engineer
Engineering,"Circuit Design, SolidWorks, AutoCAD",88,73,86,Mechanical Engineer
Engineering,"SolidWorks, AutoCAD, Circuit Design",86,78,81,Mechanical Engineer
Engineering,SolidWorks,87,76,70,Mechanical Engineer
Engineering,"SolidWorks, AutoCAD, Circuit Design",84,88,79,Mechanical Engineer
Engineering,"AutoCAD, Circuit Design",81,85,92,Mechanical Engineer
Engineering,"Circuit Design, SolidWorks, AutoCAD",95,80,88,Mechanical Engineer
Engineering,"AutoCAD, SolidWorks, Circuit Design",73,76,89,Mechanical Engineer
Engineering,AutoCAD,89,72,88,Mechanical Engineer
Engineering,Circuit Design,88,75,81,Mechanical Engineer
Engineering,"Circuit Design, AutoCAD, SolidWorks",90,77,90,Mechanical Engineer
Engineering,"AutoCAD, Circuit Design, SolidWorks",88,70,80,Mechanical Engineer
Engineering,"AutoCAD, Circuit Design, SolidWorks",70,91,74,Mechanical Engineer
Engineering,"Circuit Design, SolidWorks",95,89,80,Mechanical Engineer
Engineering,SolidWorks,73,79,77,Mechanical Engineer
Engineering,"SolidWorks, Circuit Design",73,79,90,Mechanical Engineer
Engineering,"Circuit Design, AutoCAD",79,82,71,Mechanical Engineer
Engineering,"Circuit Design, SolidWorks",95,75,75,Mechanical Engineer
Engineering,"AutoCAD, Circuit Design, SolidWorks",87,95,84,Mechanical Engineer
Engineering,"Circuit Design, SolidWorks",70,70,78,Mechanical Engineer
Engineering,AutoCAD,86,89,85,Mechanical Engineer
Engineering,Circuit Design,88,81,72,Mechanical Engineer
Engineering,"Circuit Design, AutoCAD",84,91,81,Mechanical Engineer
Engineering,SolidWorks,88,88,82,Mechanical Engineer
Engineering,"SolidWorks, AutoCAD, Circuit Design",78,80,88,Mechanical Engineer
Engineering,"Circuit Design, AutoCAD, SolidWorks",75,77,92,Mechanical Engineer
Engineering,"Circuit Design, SolidWorks, AutoCAD",71,80,71,Mechanical Engineer
Engineering,AutoCAD,94,86,84,Mechanical Engineer
Engineering,"Circuit Design, SolidWorks",81,90,77,Mechanical Engineer
Engineering,"SolidWorks, AutoCAD",77,93,71,Mechanical Engineer
Engineering,"SolidWorks, AutoCAD",81,90,82,Mechanical Engineer
Engineering,SolidWorks,94,88,91,Mechanical Engineer
Engineering,Circuit Design,82,93,90,Mechanical Engineer
Engineering,"AutoCAD, SolidWorks",84,75,76,Mechanical Engineer
Engineering,"SolidWorks, AutoCAD, Circuit Design",76,81,94,Mechanical Engineer
Engineering,Circuit Design,83,70,73,Mechanical Engineer
Engineering,"SolidWorks, AutoCAD, Circuit Design",78,87,93,Mechanical Engineer
Engineering,Circuit Design,86,80,81,Mechanical Engineer
Engineering,"Circuit Design, SolidWorks",81,71,88,Mechanical Engineer
Engineering,AutoCAD,88,82,81,Mechanical Engineer
Engineering,AutoCAD,81,83,80,Mechanical Engineer
Engineering,Circuit Design,72,71,95,Mechanical Engineer
Engineering,"Circuit Design, AutoCAD, SolidWorks",86,83,86,Mechanical Engineer
Engineering,"AutoCAD, SolidWorks",91,78,89,Mechanical Engineer
Engineering,Circuit Design,89,85,80,Mechanical Engineer
Engineering,"AutoCAD, Circuit Design",89,81,73,Mechanical Engineer
Engineering,Circuit Design,89,84,80,Mechanical Engineer
Engineering,"AutoCAD, SolidWorks, Circuit Design",85,80,86,Mechanical Engineer
Engineering,"SolidWorks, Circuit Design",79,78,78,Mechanical Engineer
Engineering,"AutoCAD, Circuit Design",76,88,72,Mechanical Engineer
Engineering,AutoCAD,70,76,76,Mechanical Engineer
Engineering,"AutoCAD, SolidWorks, Circuit Design",74,95,86,Mechanical Engineer
Engineering,"Circuit Design, SolidWorks, AutoCAD",79,87,90,Mechanical Engineer
Engineering,"Circuit Design, SolidWorks, AutoCAD",72,71,89,Mechanical Engineer
Engineering,"Circuit Design, SolidWorks, AutoCAD",95,74,81,Mechanical Engineer
Engineering,Circuit Design,95,79,71,Mechanical Engineer
Engineering,Circuit Design,83,88,72,Mechanical Engineer
Engineering,"Circuit Design, SolidWorks, AutoCAD",84,85,78,Mechanical Engineer
Engineering,"SolidWorks, AutoCAD",80,74,89,Mechanical Engineer
Engineering,"Circuit Design, SolidWorks",94,85,86,Mechanical Engineer
Engineering,"AutoCAD, Circuit Design",71,89,94,Mechanical Engineer
Engineering,"SolidWorks, Circuit Design",86,94,81,Mechanical Engineer
Engineering,SolidWorks,72,73,81,Mechanical Engineer
Engineering,"Circuit Design, SolidWorks, AutoCAD",91,87,91,Mechanical Engineer
Engineering,Circuit Design,86,71,86,Mechanical Engineer
Engineering,SolidWorks,87,85,90,Mechanical Engineer
Engineering,"Circuit Design, AutoCAD, SolidWorks",79,82,80,Mechanical Engineer
Engineering,"SolidWorks, Circuit Design",86,89,95,Mechanical Engineer
Engineering,"Circuit Design, SolidWorks, AutoCAD",77,73,80,Mechanical Engineer
Engineering,Circuit Design,80,70,74,Mechanical Engineer
Engineering,AutoCAD,89,88,86,Mechanical Engineer
Engineering,"AutoCAD, Circuit Design",83,94,92,Mechanical Engineer
Engineering,"Circuit Design, AutoCAD, SolidWorks",76,86,86,Mechanical Engineer
Engineering,"Circuit Design, AutoCAD, SolidWorks",91,79,93,Mechanical Engineer
Engineering,"Circuit Design, AutoCAD, SolidWorks",78,92,81,Mechanical Engineer
Engineering,"Circuit Design, AutoCAD",82,77,78,Mechanical Engineer
Engineering,AutoCAD,71,82,87,Mechanical Engineer
Engineering,"SolidWorks, AutoCAD",92,77,85,Mechanical Engineer
Engineering,"Circuit Design, SolidWorks",94,70,79,Mechanical Engineer
Engineering,"Circuit Design, AutoCAD, SolidWorks",75,94,81,Mechanical Engineer
Engineering,Circuit Design,71,95,74,Mechanical Engineer
Engineering,"SolidWorks, Circuit Design, AutoCAD",94,74,77,Mechanical Engineer
Engineering,"Circuit Design, AutoCAD",90,74,93,Mechanical Engineer
Engineering,"AutoCAD, Circuit Design, SolidWorks",92,79,86,Mechanical Engineer
Engineering,"AutoCAD, Circuit Design",83,73,70,Mechanical Engineer
Engineering,"SolidWorks, AutoCAD, Circuit Design",85,74,79,Mechanical Engineer
Engineering,"Circuit Design, AutoCAD",91,87,94,Mechanical Engineer
Engineering,AutoCAD,86,81,82,Mechanical Engineer
Engineering,Circuit Design,88,84,79,Mechanical Engineer
Engineering,"Circuit Design, SolidWorks",81,92,77,Mechanical Engineer
Engineering,AutoCAD,85,74,91,Mechanical Engineer
Engineering,"SolidWorks, AutoCAD, Circuit Design",70,80,73,Mechanical Engineer
Engineering,"SolidWorks, AutoCAD",80,71,81,Mechanical Engineer
Engineering,"SolidWorks, AutoCAD",85,87,82,Mechanical Engineer
Engineering,"SolidWorks, AutoCAD, Circuit Design",86,93,75,Mechanical Engineer
Engineering,"AutoCAD, Circuit Design",82,87,81,Mechanical Engineer
Engineering,"AutoCAD, SolidWorks, Circuit Design",76,70,72,Mechanical Engineer
Engineering,"AutoCAD, SolidWorks",91,91,75,Mechanical Engineer
Engineering,SolidWorks,89,87,93,Mechanical Engineer
Engineering,"SolidWorks, AutoCAD",93,72,81,Mechanical Engineer
Engineering,Circuit Design,76,78,77,Mechanical Engineer
Engineering,"AutoCAD, SolidWorks",80,72,74,Mechanical Engineer
Engineering,AutoCAD,78,84,88,Mechanical Engineer
Engineering,"Circuit Design, AutoCAD, SolidWorks",79,71,71,Mechanical Engineer
Engineering,"SolidWorks, Circuit Design",94,74,80,Mechanical Engineer
Engineering,SolidWorks,72,94,73,Mechanical Engineer
Engineering,"SolidWorks, Circuit Design, AutoCAD",81,75,71,Mechanical Engineer
Finance,Accounting,86,82,95,Financial Analyst
Finance,"Excel, Accounting, Taxation",84,91,74,Financial Analyst
Finance,Accounting,84,95,78,Financial Analyst
Finance,Taxation,81,85,95,Financial Analyst
Finance,Taxation,86,95,79,Financial Analyst
Finance,"Accounting, Excel, Taxation",92,85,80,Financial Analyst
Finance,"Accounting, Taxation",92,84,76,Financial Analyst
Finance,Taxation,82,75,72,Financial Analyst
Finance,Taxation,76,94,87,Financial Analyst
Finance,"Excel, Taxation, Accounting",73,87,78,Financial Analyst
Finance,"Taxation, Accounting",92,74,90,Financial Analyst
Finance,Taxation,75,86,87,Financial Analyst
Finance,Excel,92,73,83,Financial Analyst
Finance,Excel,79,95,85,Financial Analyst
Finance,"Excel, Taxation, Accounting",72,79,87,Financial Analyst
Finance,"Taxation, Accounting",80,80,79,Financial Analyst
Finance,Accounting,71,88,72,Financial Analyst
Finance,Excel,79,95,77,Financial Analyst
Finance,"Excel, Taxation, Accounting",93,75,70,Financial Analyst
Finance,"Taxation, Accounting",93,70,90,Financial Analyst
Finance,"Taxation, Accounting",81,74,94,Financial Analyst
Finance,"Accounting, Taxation, Excel",74,84,88,Financial Analyst
Finance,"Taxation, Accounting, Excel",84,71,78,Financial Analyst
Finance,Accounting,89,93,93,Financial Analyst
Finance,Taxation,81,72,76,Financial Analyst
Finance,"Taxation, Excel",90,71,89,Financial Analyst
Finance,"Accounting, Excel",93,83,89,Financial Analyst
Finance,"Accounting, Taxation",80,74,80,Financial Analyst
Finance,"Taxation, Accounting, Excel",74,94,88,Financial Analyst
Finance,"Taxation, Accounting",90,93,88,Financial Analyst
Finance,"Accounting, Excel, Taxation",71,80,82,Financial Analyst
Finance,"Excel, Accounting",83,89,77,Financial Analyst
Finance,"Taxation, Excel",91,80,83,Financial Analyst
Finance,"Accounting, Taxation, Excel",82,80,84,Financial Analyst
Finance,Excel,95,81,84,Financial Analyst
Finance,Taxation,93,76,76,Financial Analyst
Finance,"Excel, Accounting",79,84,81,Financial Analyst
Finance,"Taxation, Accounting, Excel",92,90,78,Financial Analyst
Finance,Excel,82,90,70,Financial Analyst
Finance,Excel,77,80,87,Financial Analyst
Finance,"Accounting, Excel, Taxation",75,93,80,Financial Analyst
Finance,Accounting,92,87,72,Financial Analyst
Finance,"Taxation, Accounting",78,87,80,Financial Analyst
Finance,Taxation,73,76,86,Financial Analyst
Finance,Excel,71,87,70,Financial Analyst
Finance,"Excel, Accounting",93,80,73,Financial Analyst
Finance,Taxation,85,77,85,Financial Analyst
Finance,Accounting,74,95,77,Financial Analyst
Finance,Taxation,79,92,86,Financial Analyst
Finance,"Excel, Accounting, Taxation",94,85,85,Financial Analyst
Finance,"Taxation, Excel",82,94,79,Financial Analyst
Finance,Excel,88,79,81,Financial Analyst
Finance,"Taxation, Accounting, Excel",86,73,86,Financial Analyst
Finance,"Excel, Taxation, Accounting",77,74,71,Financial Analyst
Finance,"Taxation, Excel",78,82,79,Financial Analyst
Finance,"Taxation, Accounting",83,90,78,Financial Analyst
Finance,"Accounting, Taxation, Excel",88,91,93,Financial Analyst
Finance,"Accounting, Excel",78,95,81,Financial Analyst
Finance,"Excel, Taxation, Accounting",82,87,70,Financial Analyst
Finance,"Excel, Accounting",85,95,87,Financial Analyst
Finance,Accounting,76,71,82,Financial Analyst
Finance,Accounting,81,71,81,Financial Analyst
Finance,Accounting,78,79,85,Financial Analyst
Finance,Excel,86,84,88,Financial Analyst
Finance,"Taxation, Excel, Accounting",86,86,81,Financial Analyst
Finance,"Taxation, Accounting",75,72,76,Financial Analyst
Finance,"Taxation, Accounting",73,86,84,Financial Analyst
Finance,Accounting,89,94,71,Financial Analyst
Finance,Excel,93,87,81,Financial Analyst
Finance,Excel,88,75,71,Financial Analyst
Finance,Excel,72,77,77,Financial Analyst
Finance,"Excel, Accounting",71,89,89,Financial Analyst
Finance,"Accounting, Excel",90,84,71,Financial Analyst
Finance,Excel,85,95,93,Financial Analyst
Finance,Accounting,76,78,76,Financial Analyst
Finance,Accounting,71,88,71,Financial Analyst
Finance,"Excel, Accounting, Taxation",70,70,91,Financial Analyst
Finance,Taxation,76,93,89,Financial Analyst
Finance,"Accounting, Excel",84,95,73,Financial Analyst
Finance,Accounting,77,82,83,Financial Analyst
Finance,Taxation,79,80,89,Financial Analyst
Finance,"Accounting, Excel",77,80,79,Financial Analyst
Finance,"Taxation, Accounting, Excel",74,91,85,Financial Analyst
Finance,"Excel, Taxation",89,86,75,Financial Analyst
Finance,Accounting,74,71,70,Financial Analyst
Finance,"Taxation, Excel, Accounting",70,91,77,Financial Analyst
Finance,"Taxation, Excel",78,92,73,Financial Analyst
Finance,"Excel, Taxation, Accounting",78,79,95,Financial Analyst
Finance,"Taxation, Excel, Accounting",95,79,84,Financial Analyst
Finance,"Taxation, Accounting, Excel",84,77,91,Financial Analyst
Finance,Excel,70,79,89,Financial Analyst
Finance,"Accounting, Taxation",80,82,92,Financial Analyst
Finance,"Excel, Taxation",72,84,80,Financial Analyst
Finance,"Accounting, Excel, Taxation",91,70,80,Financial Analyst
Finance,Excel,89,80,79,Financial Analyst
Finance,"Taxation, Excel",94,91,84,Financial Analyst
Finance,Accounting,91,70,93,Financial Analyst
Finance,"Accounting, Taxation",73,74,95,Financial Analyst
Finance,"Taxation, Accounting, Excel",86,91,73,Financial Analyst
Finance,Taxation,74,75,85,Financial Analyst
Finance,Accounting,70,79,84,Financial Analyst
Finance,"Accounting, Excel",77,76,86,Financial Analyst
Finance,Excel,71,86,83,Financial Analyst
Finance,"Accounting, Taxation, Excel",79,91,84,Financial Analyst
Finance,"Accounting, Taxation",94,84,73,Financial Analyst
Finance,"Excel, Accounting",86,79,78,Financial Analyst
Finance,"Excel, Accounting, Taxation",93,94,76,Financial Analyst
Finance,Taxation,77,86,74,Financial Analyst
Finance,"Excel, Accounting",82,88,87,Financial Analyst
Finance,"Taxation, Accounting",75,82,82,Financial Analyst
Finance,"Accounting, Excel, Taxation",87,73,79,Financial Analyst
Finance,"Accounting, Excel, Taxation",95,84,87,Financial Analyst
Finance,"Excel, Accounting, Taxation",94,71,95,Financial Analyst
Finance,Accounting,73,88,71,Financial Analyst
Finance,"Excel, Accounting, Taxation",73,75,87,Financial Analyst
Finance,"Taxation, Accounting",77,84,79,Financial Analyst
Finance,Taxation,84,70,83,Financial Analyst
Finance,"Excel, Accounting",80,92,80,Financial Analyst
Finance,Accounting,80,84,79,Financial Analyst
Finance,Accounting,86,82,78,Financial Analyst
Finance,Accounting,76,77,91,Financial Analyst
Finance,"Accounting, Taxation, Excel",78,83,92,Financial Analyst
Finance,Taxation,87,76,72,Financial Analyst
Finance,"Accounting, Taxation, Excel",95,94,83,Financial Analyst
Finance,"Taxation, Accounting",84,85,95,Financial Analyst
Finance,"Accounting, Excel, Taxation",83,82,70,Financial Analyst
Finance,"Excel, Accounting",92,89,89,Financial Analyst
Finance,"Excel, Taxation",93,74,71,Financial Analyst
Finance,Accounting,73,72,84,Financial Analyst
Finance,"Excel, Taxation, Accounting",80,87,72,Financial Analyst
Finance,"Taxation, Excel, Accounting",86,72,92,Financial Analyst
Finance,"Excel, Accounting",91,87,87,Financial Analyst
Finance,Taxation,71,93,95,Financial Analyst
Finance,Taxation,77,91,93,Financial Analyst
Finance,Taxation,93,84,82,Financial Analyst
Finance,"Accounting, Taxation, Excel",79,82,79,Financial Analyst
Finance,"Accounting, Taxation",78,82,74,Financial Analyst
Finance,"Accounting, Excel, Taxation",73,91,84,Financial Analyst
Finance,"Excel, Taxation, Accounting",85,70,73,Financial Analyst
Finance,"Excel, Taxation",70,72,83,Financial Analyst
Finance,"Taxation, Accounting, Excel",91,76,88,Financial Analyst
Finance,"Excel, Taxation, Accounting",81,73,93,Financial Analyst
Finance,"Accounting, Taxation, Excel",86,87,89,Financial Analyst
Finance,"Taxation, Accounting, Excel",87,84,91,Financial Analyst
Finance,"Taxation, Excel",82,73,74,Financial Analyst
Finance,Taxation,78,77,74,Financial Analyst
Finance,"Excel, Taxation, Accounting",72,75,93,Financial Analyst
Finance,"Accounting, Excel",90,76,94,Financial Analyst
Finance,"Excel, Taxation",84,73,91,Financial Analyst
Finance,"Accounting, Excel, Taxation",71,95,70,Financial Analyst
Finance,"Taxation, Excel",93,79,79,Financial Analyst
Finance,"Accounting, Taxation",82,85,87,Financial Analyst
Finance,"Excel, Accounting, Taxation",93,70,82,Financial Analyst
Finance,"Accounting, Excel",81,75,90,Financial Analyst
Finance,"Accounting, Taxation, Excel",73,80,81,Financial Analyst
Finance,"Taxation, Accounting, Excel",95,75,91,Financial Analyst
Finance,Excel,93,81,79,Financial Analyst
Finance,Accounting,72,78,71,Financial Analyst
Finance,"Excel, Taxation",81,85,84,Financial Analyst
Finance,"Accounting, Excel, Taxation",92,92,82,Financial Analyst
Finance,"Excel, Taxation",75,93,88,Financial Analyst
Finance,Excel,78,76,92,Financial Analyst
Finance,Taxation,82,82,86,Financial Analyst
Finance,"Taxation, Excel, Accounting",77,79,91,Financial Analyst
Finance,"Taxation, Excel",90,78,92,Financial Analyst
Finance,"Excel, Taxation, Accounting",80,88,80,Financial Analyst
Finance,Excel,77,78,72,Financial Analyst
Finance,"Excel, Taxation",91,85,80,Financial Analyst
Finance,Taxation,81,94,74,Financial Analyst
Finance,Accounting,71,88,74,Financial Analyst
Finance,"Excel, Taxation, Accounting",78,90,92,Financial Analyst
Finance,Accounting,95,77,92,Financial Analyst
Finance,Excel,88,72,83,Financial Analyst
Finance,Excel,70,93,73,Financial Analyst
Finance,Excel,75,94,83,Financial Analyst
Finance,"Taxation, Excel",75,80,95,Financial Analyst
Finance,Accounting,83,83,73,Financial Analyst
Finance,"Accounting, Excel, Taxation",85,79,73,Financial Analyst
Finance,"Taxation, Accounting, Excel",75,91,92,Financial Analyst
Finance,"Accounting, Excel, Taxation",76,75,88,Financial Analyst
Finance,"Taxation, Accounting",87,71,93,Financial Analyst
Finance,"Excel, Accounting",72,94,71,Financial Analyst
Finance,"Taxation, Excel, Accounting",77,91,85,Financial Analyst
Finance,"Accounting, Taxation",91,90,92,Financial Analyst
Finance,"Excel, Taxation, Accounting",82,72,83,Financial Analyst
Finance,"Excel, Accounting, Taxation",77,89,95,Financial Analyst
Finance,"Excel, Accounting, Taxation",93,85,83,Financial Analyst
Finance,"Excel, Taxation",90,83,80,Financial Analyst
Finance,"Taxation, Excel, Accounting",85,82,93,Financial Analyst
Finance,"Excel, Accounting",79,94,85,Financial Analyst
Finance,"Excel, Taxation",81,89,84,Financial Analyst
Finance,"Taxation, Excel, Accounting",75,93,88,Financial Analyst
Finance,Taxation,74,75,83,Financial Analyst
Finance,"Taxation, Excel",94,94,92,Financial Analyst
Finance,"Accounting, Excel, Taxation",81,94,93,Financial Analyst
Finance,"Taxation, Excel",82,84,72,Financial Analyst
Finance,Excel,77,90,95,Financial Analyst
Finance,"Accounting, Taxation, Excel",93,80,88,Financial Analyst
Finance,"Accounting, Taxation, Excel",95,82,70,Financial Analyst
Finance,"Accounting, Excel, Taxation",75,77,72,Financial Analyst
